region,year,quarter,gdp
Australia,2011,1,244133.15531386598
Australia,2011,2,262323.218888835
Australia,2011,3,266729.827856778
Australia,2011,4,277840.526951312
Australia,2012,1,256512.19578370097
Australia,2012,2,272787.930450607
Australia,2012,3,271981.520293301
Australia,2012,4,283895.76485541696
Australia,2013,1,264569.851804882
Australia,2013,2,279813.581998717
Australia,2013,3,281101.97620208596
Australia,2013,4,297655.58577222
Australia,2014,1,276991.14644814597
Australia,2014,2,289073.691531547
Australia,2014,3,287934.261193826
Australia,2014,4,301888.88101186097
Australia,2015,1,280937.256542956
Australia,2015,2,292734.04882638797
Australia,2015,3,294569.598767041
Australia,2015,4,306599.14709054795
Australia,2016,1,285492.82937654696
Australia,2016,2,302696.007341598
Australia,2016,3,304189.94303266396
Australia,2016,4,327598.75511232996
Australia,2017,1,308673.18245072395
Australia,2017,2,322599.155371519
Australia,2017,3,324410.35544951796
Australia,2017,4,339363.31963636697
Australia,2018,1,321164.66199222597
Australia,2018,2,339894.71958016895
Australia,2018,3,341408.70809930295
Australia,2018,4,358699.97527336696
Australia,2019,1,337576.469421022
Australia,2019,2,357847.73008047696
Australia,2019,3,360454.59772931697
Australia,2019,4,372931.75382219895
Australia,2020,1,348860.482243858
Australia,2020,2,336919.73930179497
Austria,2011,1,86101.75491705441
Austria,2011,2,90574.65244568624
Austria,2011,3,91458.99600556002
Austria,2011,4,95075.07225435654
Austria,2012,1,89281.80798039072
Austria,2012,2,92953.16302143467
Austria,2012,3,93175.44935127713
Austria,2012,4,97783.61595839582
Austria,2013,1,90318.28533503022
Austria,2013,2,94488.4377832391
Austria,2013,3,95032.20776714772
Austria,2013,4,99512.01514481047
Austria,2014,1,92492.77969023831
Austria,2014,2,97482.39338708138
Austria,2014,3,97634.76141401766
Austria,2014,4,102557.73605834211
Austria,2015,1,95815.48014543347
Austria,2015,2,100251.01764286419
Austria,2015,3,101067.31675719608
Austria,2015,4,106060.91240093834
Austria,2016,1,100741.14845971913
Austria,2016,2,104642.98795657446
Austria,2016,3,104050.38056510825
Austria,2016,4,109381.97323093972
Austria,2017,1,103651.48317867862
Austria,2017,2,107784.15847960112
Austria,2017,3,107709.08706894306
Austria,2017,4,113413.34311810367
Austria,2018,1,108884.22986854223
Austria,2018,2,111631.07053246482
Austria,2018,3,111668.89902800701
Austria,2018,4,119136.57197307803
Austria,2019,1,112518.57622664087
Austria,2019,2,115763.16025296095
Austria,2019,3,115914.70846730033
Austria,2019,4,121428.29952964139
Austria,2020,1,109646.4213514794
Austria,2020,2,100647.5727075884
Belgium,2011,1,106396.44998523689
Belgium,2011,2,110713.3488882891
Belgium,2011,3,106912.93192127759
Belgium,2011,4,116296.27267311
Belgium,2012,1,109819.75315767899
Belgium,2012,2,114025.3917797247
Belgium,2012,3,109665.1599251226
Belgium,2012,4,118762.73742889619
Belgium,2013,1,111000.28329720059
Belgium,2013,2,116101.85997156179
Belgium,2013,3,111560.09818479119
Belgium,2013,4,121463.43435522239
Belgium,2014,1,113788.8172874793
Belgium,2014,2,118281.39031843649
Belgium,2014,3,115025.56314793049
Belgium,2014,4,124886.73752766449
Belgium,2015,1,117243.74180294429
Belgium,2015,2,122833.69255288139
Belgium,2015,3,118777.96251998129
Belgium,2015,4,129169.67276598839
Belgium,2016,1,119963.1773029137
Belgium,2016,2,127561.66891523129
Belgium,2016,3,122679.099320325
Belgium,2016,4,133494.7697950095
Belgium,2017,1,125690.15387261669
Belgium,2017,2,131761.4517330135
Belgium,2017,3,126068.4388280388
Belgium,2017,4,137635.9945701567
Belgium,2018,1,129075.9798977724
Belgium,2018,2,136174.3858259871
Belgium,2018,3,130347.86058380459
Belgium,2018,4,143626.48233171718
Belgium,2019,1,133757.1098260143
Belgium,2019,2,140747.7689557806
Belgium,2019,3,135175.385618634
Belgium,2019,4,148031.21829872188
Belgium,2020,1,133119.9983221455
Belgium,2020,2,121447.03810328459
Czech Republic,2011,1,41126.1722026884
Czech Republic,2011,2,44739.6550230864
Czech Republic,2011,3,44922.575866572195
Czech Republic,2011,4,46431.6182937168
Czech Republic,2012,1,42040.8636706986
Czech Republic,2012,2,44932.3915569572
Czech Republic,2012,3,44942.0763714704
Czech Republic,2012,4,46464.642638701
Czech Republic,2013,1,41700.9354063434
Czech Republic,2013,2,45144.759471598
Czech Republic,2013,3,45908.202057097995
Czech Republic,2013,4,47977.436840837196
Czech Republic,2014,1,43535.9023795606
Czech Republic,2014,2,47492.847112852396
Czech Republic,2014,3,48707.6805801906
Czech Republic,2014,4,49848.874556996
Czech Republic,2015,1,46529.8188228574
Czech Republic,2015,2,50750.4348125356
Czech Republic,2015,3,51659.0623651524
Czech Republic,2015,4,52844.143384301395
Czech Republic,2016,1,48640.4976326666
Czech Republic,2016,2,53007.999975795
Czech Republic,2016,3,53090.277273866595
Czech Republic,2016,4,54526.203713965595
Czech Republic,2017,1,50982.3468573652
Czech Republic,2017,2,56071.4115070176
Czech Republic,2017,3,56932.8364952052
Czech Republic,2017,4,58971.0536973278
Czech Republic,2018,1,54432.452964466196
Czech Republic,2018,2,59229.9261717482
Czech Republic,2018,3,59927.5381937328
Czech Republic,2018,4,62369.0712074524
Czech Republic,2019,1,57932.073776398196
Czech Republic,2019,2,62859.5067243776
Czech Republic,2019,3,64139.6036264534
Czech Republic,2019,4,65856.12793569159
Czech Republic,2020,1,59048.052335236796
Czech Republic,2020,2,58357.071357423396
Denmark,2011,1,70747.36068702088
Denmark,2011,2,73404.99363469493
Denmark,2011,3,71814.49754675305
Denmark,2011,4,74555.50301951011
Denmark,2012,1,71985.63145248474
Denmark,2012,2,75139.22080974688
Denmark,2012,3,74579.90128109572
Denmark,2012,4,76391.69636580508
Denmark,2013,1,73031.05999436512
Denmark,2013,2,76690.87788553217
Denmark,2013,3,75848.61088354744
Denmark,2013,4,77980.47781124998
Denmark,2014,1,75443.26310499296
Denmark,2014,2,77899.59073125436
Denmark,2014,3,77654.69573682187
Denmark,2014,4,80652.8661227972
Denmark,2015,1,78001.7771318089
Denmark,2015,2,80780.86654479727
Denmark,2015,3,79574.8121814787
Denmark,2015,4,81974.91841063695
Denmark,2016,1,79402.29397721733
Denmark,2016,2,84016.64862725916
Denmark,2016,3,82036.3466578915
Denmark,2016,4,86116.97557141614
Denmark,2017,1,83008.6905296708
Denmark,2017,2,86897.37386752325
Denmark,2017,3,84279.27208127061
Denmark,2017,4,87973.30416905192
Denmark,2018,1,84211.50437597674
Denmark,2018,2,89315.68047621376
Denmark,2018,3,87948.96883012675
Denmark,2018,4,91827.34858233214
Denmark,2019,1,87435.01653965283
Denmark,2019,2,91935.00925434499
Denmark,2019,3,90585.85303052071
Denmark,2019,4,94131.60786897516
Denmark,2020,1,88916.76653968928
Denmark,2020,2,85738.35419288356
Finland,2011,1,55185.099379224
Finland,2011,2,58332.00859042889
Finland,2011,3,57473.5476853998
Finland,2011,4,60896.8508578419
Finland,2012,1,57165.532381139696
Finland,2012,2,59185.784852047196
Finland,2012,3,57981.8314954716
Finland,2012,4,61113.515615591394
Finland,2013,1,56856.3459160269
Finland,2013,2,60484.6022376915
Finland,2013,3,59511.3675690978
Finland,2013,4,62440.440861700496
Finland,2014,1,57775.70718539639
Finland,2014,2,61031.5343559024
Finland,2014,3,60265.595158236596
Finland,2014,4,63236.830241536496
Finland,2015,1,58575.6100477905
Finland,2015,2,62584.493646582596
Finland,2015,3,61412.16163302989
Finland,2015,4,64993.5715205865
Finland,2016,1,60346.405257072896
Finland,2016,2,64270.965274470596
Finland,2016,3,63392.5946349456
Finland,2016,4,66738.6011911095
Finland,2017,1,62928.814937276395
Finland,2017,2,66598.0618887855
Finland,2017,3,65490.143722131295
Finland,2017,4,69586.8643848759
Finland,2018,1,65330.865846164095
Finland,2018,2,68976.68958061919
Finland,2018,3,67746.97068528419
Finland,2018,4,71603.6033732253
Finland,2019,1,67040.7606911061
Finland,2019,2,71340.0921813678
Finland,2019,3,70120.9137337071
Finland,2019,4,73228.0034759202
Finland,2020,1,67390.9377860634
Finland,2020,2,67886.3388267555
France,2011,1,595887.8130146126
France,2011,2,604883.4995242014
France,2011,3,590876.4157259094
France,2011,4,619032.2937856701
France,2012,1,607721.2222702935
France,2012,2,612118.9312721819
France,2012,3,599653.0951560432
France,2012,4,626832.225064652
France,2013,1,610787.321382662
France,2013,2,621901.6378747851
France,2013,3,609585.7103477919
France,2013,4,637293.0338009684
France,2014,1,622203.7973747817
France,2014,2,628399.2382855647
France,2014,3,619001.8436034998
France,2014,4,648116.9024016218
France,2015,1,636018.8107932309
France,2015,2,643135.9552950887
France,2015,3,632871.9015820259
France,2015,4,662690.8280526206
France,2016,1,648908.6071380471
France,2016,2,657755.5562193429
France,2016,3,638911.5780993998
France,2016,4,670947.5120641557
France,2017,1,662728.305199907
France,2017,2,671760.2976959294
France,2017,3,660109.5895332699
France,2017,4,695844.0494708522
France,2018,1,682321.826265578
France,2018,2,688610.960044577
France,2018,3,678497.9860815125
France,2018,4,715313.427486137
France,2019,1,700117.6154223545
France,2019,2,710443.7406606105
France,2019,3,700103.5614921221
France,2019,4,730230.5032669769
France,2020,1,677712.1371493508
France,2020,2,599653.0951560432
France,2020,3,673621.2722908697
Germany,2011,1,771806.7135378269
Germany,2011,2,773458.050340134
Germany,2011,3,799071.3381886829
Germany,2011,4,810255.924331968
Germany,2012,1,794644.3501654769
Germany,2012,2,787148.9207081969
Germany,2012,3,811544.2012699379
Germany,2012,4,821862.1283822249
Germany,2013,1,799153.319448372
Germany,2013,2,811532.4896614109
Germany,2013,3,836993.5265991089
Germany,2013,4,844863.727529253
Germany,2014,1,839370.9831300899
Germany,2014,2,840143.949292872
Germany,2014,3,867502.266811944
Germany,2014,4,881474.215784655
Germany,2015,1,863391.492218967
Germany,2015,2,868977.929486346
Germany,2015,3,896722.7300868089
Germany,2015,4,915051.3974315639
Germany,2016,1,893537.172567465
Germany,2016,2,912427.9971215159
Germany,2016,3,924022.4895632459
Germany,2016,4,941297.1121405709
Germany,2017,1,933344.929950738
Germany,2017,2,935804.367741408
Germany,2017,3,962565.3932256029
Germany,2017,4,986105.7263648729
Germany,2018,1,961698.7341946049
Germany,2018,2,973316.6498533889
Germany,2018,3,983540.88409746
Germany,2018,4,1012339.729465353
Germany,2019,1,990591.272430714
Germany,2019,2,991902.9725857379
Germany,2019,3,1019085.615976905
Germany,2019,4,1037812.478011578
Germany,2020,1,997606.5259383869
Germany,2020,2,900353.328730179
Germany,2020,3,987721.928341599
Greece,2011,1,57168.81163152726
Greece,2011,2,62149.64162197508
Greece,2011,3,62983.976613438565
Greece,2011,4,60161.71319060211
Greece,2012,1,52848.39924591696
Greece,2012,2,56601.85266273518
Greece,2012,3,58262.32451969325
Greece,2012,4,56217.946135220125
Greece,2013,1,49513.63583393898
Greece,2013,2,53716.69790210873
Greece,2013,3,55901.732704991126
Greece,2013,4,52443.17759088276
Greece,2014,1,47820.8399374464
Greece,2014,2,52228.26957441231
Greece,2014,3,56350.75577591631
Greece,2014,4,52835.7507087078
Greece,2015,1,47685.33662678901
Greece,2015,2,52347.72798138771
Greece,2015,3,54704.923429616996
Greece,2015,4,52859.99373835868
Greece,2016,1,47110.647996369116
Greece,2016,2,52325.94438952748
Greece,2016,3,55082.037224186395
Greece,2016,4,52177.20696123458
Greece,2017,1,47798.5878812451
Greece,2017,2,53199.39615347115
Greece,2017,3,56798.37345381825
Greece,2017,4,53267.44059901302
Greece,2018,1,49101.621445959114
Greece,2018,2,54209.75662109543
Greece,2018,3,58644.47430592926
Greece,2018,4,54373.4849083029
Greece,2019,1,49882.0830381984
Greece,2019,2,55966.2636679749
Greece,2019,3,59640.897959406415
Greece,2019,4,54052.35260249256
Greece,2020,1,48514.05004615953
Greece,2020,2,46389.21291110592
Hungary,2011,1,20318.5381365996
Hungary,2011,2,22548.8177140824
Hungary,2011,3,23576.0678381604
Hungary,2011,4,25616.1623273484
Hungary,2012,1,20925.9992763648
Hungary,2012,2,22962.1047269148
Hungary,2012,3,23953.111124226
Hungary,2012,4,25571.313905090403
Hungary,2013,1,21550.57936737
Hungary,2013,2,24266.000333022002
Hungary,2013,3,25248.547384428002
Hungary,2013,4,26774.265838716
Hungary,2014,1,23328.175734232802
Hungary,2014,2,26131.8142086144
Hungary,2014,3,27391.436330826
Hungary,2014,4,28905.5074382892
Hungary,2015,1,24759.5332372896
Hungary,2015,2,27615.3296031096
Hungary,2015,3,28921.8479617464
Hungary,2015,4,31550.488764574802
Hungary,2016,1,25609.5020863188
Hungary,2016,2,29161.3356296124
Hungary,2016,3,29971.5626718384
Hungary,2016,4,32078.1400616628
Hungary,2017,1,27573.494762268
Hungary,2017,2,31291.9280010348
Hungary,2017,3,32508.2327166276
Hungary,2017,4,35349.9624725136
Hungary,2018,1,30302.262049905603
Hungary,2018,2,34441.230400860004
Hungary,2018,3,36126.113111799605
Hungary,2018,4,39140.9380746576
Hungary,2019,1,33486.816569322
Hungary,2019,2,37951.500422539204
Hungary,2019,3,39462.070219975205
Hungary,2019,4,42569.111420173205
Hungary,2020,1,35481.080719048805
Hungary,2020,2,34984.3888837788
Iceland,2011,1,2954.61128648052
Iceland,2011,2,3076.0648751307604
Iceland,2011,3,3301.9908668028
Iceland,2011,4,3223.7021075839198
Iceland,2012,1,3188.72890894644
Iceland,2012,2,3191.482074123
Iceland,2012,3,3423.86021625552
Iceland,2012,4,3352.6065298593603
Iceland,2013,1,3369.1876707294
Iceland,2013,2,3402.5992660778397
Iceland,2013,3,3653.48947940532
Iceland,2013,4,3568.8685831534804
Iceland,2014,1,3347.24878755936
Iceland,2014,2,3576.24798021468
Iceland,2014,3,3986.8532058708
Iceland,2014,4,3902.45376296736
Iceland,2015,1,3833.80822552284
Iceland,2015,2,4086.54936022356
Iceland,2015,3,4287.92046175188
Iceland,2015,4,4178.89683523764
Iceland,2016,1,4005.22883322852
Iceland,2016,2,4367.507937704279
Iceland,2016,3,4784.946070707
Iceland,2016,4,4636.71091421316
Iceland,2017,1,4240.67874761304
Iceland,2017,2,4575.315473649
Iceland,2017,3,5005.19499863796
Iceland,2017,4,4863.843469451161
Iceland,2018,1,4597.91514503604
Iceland,2018,2,4908.562758515161
Iceland,2018,3,5245.52760217188
Iceland,2018,4,5161.464625484879
Iceland,2019,1,4758.24022562124
Iceland,2019,2,5288.5667032506
Iceland,2019,3,5538.18177391068
Iceland,2019,4,5632.217294932079
Iceland,2020,1,4825.08484728732
Iceland,2020,2,4987.32871398156
Ireland,2011,1,49399.44765080073
Ireland,2011,2,50446.81680137033
Ireland,2011,3,51100.55878934748
Ireland,2011,4,49264.17857231388
Ireland,2012,1,50840.795312218615
Ireland,2012,2,51130.89185543241
Ireland,2012,3,52427.95249979766
Ireland,2012,4,50675.19316764683
Ireland,2013,1,50713.13877927431
Ireland,2013,2,51962.53317693468
Ireland,2013,3,54885.39931701806
Ireland,2013,4,52798.50779359193
Ireland,2014,1,54443.7545594649
Ireland,2014,2,56565.66379238676
Ireland,2014,3,59260.27068227891
Ireland,2014,4,58280.126164654284
Ireland,2015,1,74099.23003424372
Ireland,2015,2,73731.71975866647
Ireland,2015,3,79541.73163282589
Ireland,2015,4,80470.69642118753
Ireland,2016,1,75609.79330205618
Ireland,2016,2,74273.73300129603
Ireland,2016,3,80508.64203281503
Ireland,2016,4,86769.31660309341
Ireland,2017,1,82012.76391593761
Ireland,2017,2,82523.03869945902
Ireland,2017,3,91647.08443850363
Ireland,2017,4,95618.49089000933
Ireland,2018,1,93283.19614972553
Ireland,2018,2,91354.87980575499
Ireland,2018,3,99597.27565488704
Ireland,2018,4,98718.08520276516
Ireland,2019,1,99465.40294287301
Ireland,2019,2,99467.74526457842
Ireland,2019,3,109181.4704929575
Ireland,2019,4,108878.60829644927
Ireland,2020,1,107243.5506299948
Ireland,2020,2,96970.83032662202
Italy,2011,1,458574.3561432896
Italy,2011,2,485745.52215810004
Italy,2011,3,478577.4321591497
Italy,2011,4,508060.9381615312
Italy,2012,1,454992.4777913919
Italy,2012,2,476414.53229638335
Italy,2012,3,470656.9884284249
Italy,2012,4,500321.3216664632
Italy,2013,1,445144.0690649523
Italy,2013,2,471709.8620350022
Italy,2013,3,471324.3158822934
Italy,2013,4,500611.6524418475
Italy,2014,1,452652.38129161205
Italy,2014,2,475001.64384368615
Italy,2014,3,474232.65962780325
Italy,2014,4,504067.0454216536
Italy,2015,1,456484.4196016464
Italy,2015,2,483165.2205674315
Italy,2015,3,484245.38222187664
Italy,2015,4,514791.9509302539
Italy,2016,1,470711.33029199013
Italy,2016,2,496569.624990924
Italy,2016,3,494182.2135926951
Italy,2016,4,524575.9458097949
Italy,2017,1,481961.9699073675
Italy,2017,2,506172.7926348082
Italy,2017,3,504430.33951816114
Italy,2017,4,541264.4023803435
Italy,2018,1,495184.49305043573
Italy,2018,2,518409.5496881589
Italy,2018,3,512111.51508667937
Italy,2018,4,548494.2125562312
Italy,2019,1,501046.5044664551
Italy,2019,2,520458.1442517017
Italy,2019,3,519440.639702876
Italy,2019,4,555136.2171001487
Italy,2020,1,476562.91837642045
Italy,2020,2,433390.8843276815
Japan,2011,1,1160859.21394737
Japan,2011,2,1146539.4746418898
Japan,2011,3,1163491.26552204
Japan,2011,4,1234138.2489664198
Japan,2012,1,1186077.69573174
Japan,2012,2,1169373.88642956
Japan,2012,3,1154492.1193778699
Japan,2012,4,1229061.80755176
Japan,2013,1,1180453.58843832
Japan,2013,2,1186886.74759809
Japan,2013,3,1188013.6754639999
Japan,2013,4,1262339.21189124
Japan,2014,1,1219514.99552883
Japan,2014,2,1212293.84857497
Japan,2014,3,1201680.42852942
Japan,2014,4,1286656.7258575798
Japan,2015,1,1261251.5397963598
Japan,2015,2,1258423.20936654
Japan,2015,3,1247314.7836228798
Japan,2015,4,1320173.4946545598
Japan,2016,1,1275289.78649982
Japan,2016,2,1266666.92128284
Japan,2016,3,1251412.70313528
Japan,2016,4,1334173.4430448199
Japan,2017,1,1287866.9525547
Japan,2017,2,1287408.3302541298
Japan,2017,3,1283319.9853200298
Japan,2017,4,1368142.13193756
Japan,2018,1,1303670.7514966798
Japan,2018,2,1301943.4975713599
Japan,2018,3,1275285.9566684999
Japan,2018,4,1354974.21440157
Japan,2019,1,1315829.50847985
Japan,2019,2,1319169.1213908899
Japan,2019,3,1304979.5963502899
Japan,2019,4,1362040.2531869698
Japan,2020,1,1303762.6674483598
Japan,2020,2,1204442.6943689699
"Korea, Rep.",2011,1,290162.7872448
"Korea, Rep.",2011,2,303943.96312344
"Korea, Rep.",2011,3,309522.8330106
"Korea, Rep.",2011,4,324723.97551852
"Korea, Rep.",2012,1,304736.19413148
"Korea, Rep.",2012,2,316853.22501366003
"Korea, Rep.",2012,3,320000.39320434
"Korea, Rep.",2012,4,332021.29156746
"Korea, Rep.",2013,1,314296.47144786
"Korea, Rep.",2013,2,329960.5004367
"Korea, Rep.",2013,3,335966.08550736
"Korea, Rep.",2013,4,347077.12981704
"Korea, Rep.",2014,1,330370.14701286
"Korea, Rep.",2014,2,343642.27157622
"Korea, Rep.",2014,3,347939.05026852
"Korea, Rep.",2014,4,360277.6192926
"Korea, Rep.",2015,1,348688.65397740004
"Korea, Rep.",2015,2,363823.82145384
"Korea, Rep.",2015,3,372140.56670904
"Korea, Rep.",2015,4,381673.33968924003
"Korea, Rep.",2016,1,365677.31302188
"Korea, Rep.",2016,2,384231.95046102
"Korea, Rep.",2016,3,388617.34441008
"Korea, Rep.",2016,4,400990.58127912
"Korea, Rep.",2017,1,382962.32907774
"Korea, Rep.",2017,2,401635.56238446
"Korea, Rep.",2017,3,418699.30561356
"Korea, Rep.",2017,4,420164.46425502
"Korea, Rep.",2018,1,397829.52826278
"Korea, Rep.",2018,2,418329.72162354004
"Korea, Rep.",2018,3,429399.90740166
"Korea, Rep.",2018,4,433171.6274319
"Korea, Rep.",2019,1,402298.2311658
"Korea, Rep.",2019,2,424421.97630660003
"Korea, Rep.",2019,3,430851.44653260004
"Korea, Rep.",2019,4,439596.05667024
"Korea, Rep.",2020,1,405226.77968112
"Korea, Rep.",2020,2,417719.31992478
Luxembourg,2011,1,12355.86411207027
Luxembourg,2011,2,12572.177521563959
Luxembourg,2011,3,12352.93620993852
Luxembourg,2011,4,13271.71189888167
Luxembourg,2012,1,12566.08748512992
Luxembourg,2012,2,12918.72401787789
Luxembourg,2012,3,12505.88981730114
Luxembourg,2012,4,13671.66333007872
Luxembourg,2013,1,12806.87815644504
Luxembourg,2013,2,13564.384995971399
Luxembourg,2013,3,13459.80033182529
Luxembourg,2013,4,14627.33058588192
Luxembourg,2014,1,14110.26306941487
Luxembourg,2014,2,14199.38841030534
Luxembourg,2014,3,14413.593730264169
Luxembourg,2014,4,15629.141579281499
Luxembourg,2015,1,14889.08503646037
Luxembourg,2015,2,15231.532469789849
Luxembourg,2015,3,14586.92553646377
Luxembourg,2015,4,16269.88368179367
Luxembourg,2016,1,15425.24247482643
Luxembourg,2016,2,15849.085587418558
Luxembourg,2016,3,15766.518747303207
Luxembourg,2016,4,17217.46992771324
Luxembourg,2017,1,16012.81387462602
Luxembourg,2017,2,16476.35934012468
Luxembourg,2017,3,16188.136654275208
Luxembourg,2017,4,17861.25704844243
Luxembourg,2018,1,16838.24804360898
Luxembourg,2018,2,17387.054019184197
Luxembourg,2018,3,17368.19832945573
Luxembourg,2018,4,18738.339411029458
Luxembourg,2019,1,17674.33977635151
Luxembourg,2019,2,18532.917797465878
Luxembourg,2019,3,18303.955850763028
Luxembourg,2019,4,19876.590643768588
Luxembourg,2020,1,18319.180941848128
Luxembourg,2020,2,17816.167355613477
Mexico,2011,1,165014.47618896898
Mexico,2011,2,170546.21950504213
Mexico,2011,3,173700.2393449389
Mexico,2011,4,186671.8307496702
Mexico,2012,1,182848.80213820274
Mexico,2012,2,186387.19523494947
Mexico,2012,3,187094.32813918107
Mexico,2012,4,194277.31049458872
Mexico,2013,1,187063.64945886584
Mexico,2013,2,192166.63152494607
Mexico,2013,3,192229.16573209138
Mexico,2013,4,200949.86414629497
Mexico,2014,1,198953.9846560315
Mexico,2014,2,206753.25970263523
Mexico,2014,3,207144.81267229526
Mexico,2014,4,216839.2376891235
Mexico,2015,1,210923.0831534095
Mexico,2015,2,219489.84245091915
Mexico,2015,3,221728.35637323195
Mexico,2015,4,229170.09785608124
Mexico,2016,1,225100.48668232124
Mexico,2016,2,237102.29486932227
Mexico,2016,3,239200.84947265318
Mexico,2016,4,253790.35807709425
Mexico,2017,1,252881.94645604104
Mexico,2017,2,258681.76401934843
Mexico,2017,3,257745.05588310267
Mexico,2017,4,271544.0083505292
Mexico,2018,1,269378.8148132977
Mexico,2018,2,280928.02111768344
Mexico,2018,3,277499.45437472116
Mexico,2018,4,288513.7554660372
Mexico,2019,1,284122.52352861955
Mexico,2019,2,288482.725629907
Mexico,2019,3,284877.494294608
Mexico,2019,4,292676.87373888644
Mexico,2020,1,288673.79710135225
Mexico,2020,2,236425.3850919163
Netherlands,2011,1,187669.15735835338
Netherlands,2011,2,193583.51966448838
Netherlands,2011,3,186152.5040541069
Netherlands,2011,4,194269.8199241706
Netherlands,2012,1,188459.6909339259
Netherlands,2012,2,194930.35464509338
Netherlands,2012,3,185516.5637110908
Netherlands,2012,4,195821.6080539981
Netherlands,2013,1,189035.9020734543
Netherlands,2013,2,196877.99514313348
Netherlands,2013,3,189134.2795850811
Netherlands,2013,4,198460.23345513118
Netherlands,2014,1,192576.3213311664
Netherlands,2014,2,198977.88655202457
Netherlands,2014,3,191909.93080598008
Netherlands,2014,4,203040.6435500409
Netherlands,2015,1,195039.2726043945
Netherlands,2015,2,205469.6311585407
Netherlands,2015,3,199684.0965462027
Netherlands,2015,4,207917.3573406837
Netherlands,2016,1,200660.84469735448
Netherlands,2016,2,210712.9182960786
Netherlands,2016,3,204057.21117018448
Netherlands,2016,4,214145.59075534227
Netherlands,2017,1,208730.14297245748
Netherlands,2017,2,219988.5122494626
Netherlands,2017,3,212802.26925729538
Netherlands,2017,4,222966.7742978787
Netherlands,2018,1,220278.96014093218
Netherlands,2018,2,230452.8344683371
Netherlands,2018,3,222785.24436571018
Netherlands,2018,4,232946.2359237354
Netherlands,2019,1,230209.2330109755
Netherlands,2019,2,241829.49099146487
Netherlands,2019,3,233390.10588690868
Netherlands,2019,4,243500.73752826778
Netherlands,2020,1,235364.68308456088
Netherlands,2020,2,224064.1520168586
New Zealand,2011,1,34755.502472586
New Zealand,2011,2,34660.6114641048
New Zealand,2011,3,34072.5545101368
New Zealand,2011,4,37712.49340589099
New Zealand,2012,1,36092.663796324596
New Zealand,2012,2,35921.592682443
New Zealand,2012,3,34415.364984438595
New Zealand,2012,4,37929.0052843974
New Zealand,2013,1,37105.0573023036
New Zealand,2013,2,36780.289484543995
New Zealand,2013,3,36701.4363929892
New Zealand,2013,4,41799.4892359686
New Zealand,2014,1,40232.4511029516
New Zealand,2014,2,39508.740101647796
New Zealand,2014,3,38410.1427921894
New Zealand,2014,4,42593.3661238254
New Zealand,2015,1,41365.1289858786
New Zealand,2015,2,41358.446520492595
New Zealand,2015,3,40393.4985187542
New Zealand,2015,4,44523.262127302194
New Zealand,2016,1,43826.2809875424
New Zealand,2016,2,43540.271469021594
New Zealand,2016,3,42675.56044807319
New Zealand,2016,4,47712.80285604
New Zealand,2017,1,46821.361973547595
New Zealand,2017,2,46356.930629220595
New Zealand,2017,3,45979.37133491159
New Zealand,2017,4,51477.703854512394
New Zealand,2018,1,49446.90262370699
New Zealand,2018,2,48962.42388322199
New Zealand,2018,3,47819.722302215996
New Zealand,2018,4,52817.53816440539
New Zealand,2019,1,51366.1066825662
New Zealand,2019,2,50879.623202465395
New Zealand,2019,3,50093.09702653319
New Zealand,2019,4,55731.0930727014
New Zealand,2020,1,53214.476608333796
New Zealand,2020,2,46965.7032258852
Norway,2011,1,74092.849825438
Norway,2011,2,72527.3990233198
Norway,2011,3,73525.1765771704
Norway,2011,4,79765.9309856696
Norway,2012,1,81601.2574731636
Norway,2012,2,78013.725779704
Norway,2012,3,76259.5875206796
Norway,2012,4,82440.5246761926
Norway,2013,1,80327.80507476079
Norway,2013,2,81520.069244694
Norway,2013,3,80778.7433966442
Norway,2013,4,87197.7682538994
Norway,2014,1,85385.9605786208
Norway,2014,2,82740.4700758164
Norway,2014,3,81963.8123135252
Norway,2014,4,87207.54091103
Norway,2015,1,83612.4917890084
Norway,2015,2,83709.5740092948
Norway,2015,3,81925.7956033688
Norway,2015,4,84866.1840894768
Norway,2016,1,80421.0211889296
Norway,2016,2,83711.6144541902
Norway,2016,3,80264.0143238204
Norway,2016,4,88319.1538116766
Norway,2017,1,89452.567255153
Norway,2017,2,86219.2138388002
Norway,2017,3,85061.852015762
Norway,2017,4,93163.492168866
Norway,2018,1,92667.6640592838
Norway,2018,2,93999.32283312379
Norway,2018,3,92619.65990832359
Norway,2018,4,99898.8933767448
Norway,2019,1,96906.8494172322
Norway,2019,2,93257.5674177276
Norway,2019,3,91130.7794857012
Norway,2019,4,99877.092833915
Norway,2020,1,96564.6990258246
Norway,2020,2,85909.6031738824
Poland,2011,1,92745.88275227316
Poland,2011,2,97373.90413991848
Poland,2011,3,99769.89094530608
Poland,2011,4,114079.91118283375
Poland,2012,1,97897.24149250383
Poland,2012,2,102716.62211903419
Poland,2012,3,103573.92285362951
Poland,2012,4,115922.0081298318
Poland,2013,1,98436.02268557588
Poland,2013,2,103643.6392888148
Poland,2013,3,105083.91277340063
Poland,2013,4,120028.90947754928
Poland,2014,1,103011.42157166309
Poland,2014,2,107831.24050418388
Poland,2014,3,109577.60626632876
Poland,2014,4,123153.12879470029
Poland,2015,1,107180.04671591664
Poland,2015,2,111956.52492079452
Poland,2015,3,113436.60690239444
Poland,2015,4,131578.14341211668
Poland,2016,1,110910.82995842595
Poland,2016,2,116054.45388706063
Poland,2016,3,117264.56516125484
Poland,2016,4,135624.58431585875
Poland,2017,1,118206.07221142529
Poland,2017,2,123472.34446926719
Poland,2017,3,126698.07029726304
Poland,2017,4,144532.09648063363
Poland,2018,1,125877.7419620966
Poland,2018,2,131094.8981663039
Poland,2018,3,135616.72059073616
Poland,2018,4,154127.62013687272
Poland,2019,1,134512.11214671138
Poland,2019,2,141314.8531626881
Poland,2019,3,145887.15812413688
Poland,2019,4,164470.12033164283
Poland,2020,1,142379.29215182428
Poland,2020,2,135324.34471240736
Slovak Republic,2011,1,19135.362940094758
Slovak Republic,2011,2,20827.104791819907
Slovak Republic,2011,3,21987.725196845608
Slovak Republic,2011,4,21558.846092586868
Slovak Republic,2012,1,19928.94153388428
Slovak Republic,2012,2,21512.93658716103
Slovak Republic,2012,3,22761.5111722245
Slovak Republic,2012,4,21965.59025672958
Slovak Republic,2013,1,20177.344750741948
Slovak Republic,2013,2,21792.02421835944
Slovak Republic,2013,3,22991.52716369478
Slovak Republic,2013,4,22230.506841610317
Slovak Republic,2014,1,20571.32326159023
Slovak Republic,2014,2,22265.99301544713
Slovak Republic,2014,3,23593.620958067848
Slovak Republic,2014,4,22893.383884238516
Slovak Republic,2015,1,21351.19927340316
Slovak Republic,2015,2,23254.921239467007
Slovak Republic,2015,3,24650.125163288518
Slovak Republic,2015,4,24164.44475767383
Slovak Republic,2016,1,21836.996795103118
Slovak Republic,2016,2,23761.09696000395
Slovak Republic,2016,3,24812.68228964328
Slovak Republic,2016,4,24513.5678078637
Slovak Republic,2017,1,22483.477585793516
Slovak Republic,2017,2,24770.403382860808
Slovak Republic,2017,3,26026.00493304048
Slovak Republic,2017,4,25721.0346469974
Slovak Republic,2018,1,23735.79988558563
Slovak Republic,2018,2,26332.380612106797
Slovak Republic,2018,3,27752.413146005547
Slovak Republic,2018,4,27004.744057641867
Slovak Republic,2019,1,25282.90337200233
Slovak Republic,2019,2,27624.40526480544
Slovak Republic,2019,3,28709.017330490908
Slovak Republic,2019,4,28314.921703557357
Slovak Republic,2020,1,25123.508379949857
Slovak Republic,2020,2,24748.73690708586
Spain,2011,1,303001.5646496913
Spain,2011,2,319119.08030454867
Spain,2011,3,303908.04314968106
Spain,2011,4,319808.894046789
Spain,2012,1,295499.1082272951
Spain,2012,2,307461.34517677285
Spain,2012,3,296701.89042301796
Spain,2012,4,307920.4402310313
Spain,2013,1,289096.3718455842
Spain,2013,2,303597.68552371557
Spain,2013,3,294194.4350373873
Spain,2013,4,308103.14132405247
Spain,2014,1,290678.61015758186
Spain,2014,2,305360.2826070291
Spain,2014,3,298388.362050906
Spain,2014,4,314395.7885856096
Spain,2015,1,301261.21962257905
Spain,2015,2,318710.34516695637
Spain,2015,3,311967.97213796247
Spain,2015,4,330091.68633349496
Spain,2016,1,311346.08572517877
Spain,2016,2,330019.07436062756
Spain,2016,3,322997.9650486911
Spain,2016,4,340122.6790368705
Spain,2017,1,323912.6416746498
Spain,2017,2,344505.1629476739
Spain,2017,3,336625.5927307083
Spain,2017,4,355689.74909095885
Spain,2018,1,335895.95951947616
Spain,2018,2,357301.2664242741
Spain,2018,3,347988.1953236037
Spain,2018,4,369174.49514894665
Spain,2019,1,349625.47819567827
Spain,2019,2,369729.62539312645
Spain,2019,3,357961.8011451969
Spain,2019,4,380511.3322030827
Spain,2020,1,340387.36138958065
Spain,2020,2,293444.8920916593
Spain,2020,3,328325.5757676234
Sweden,2011,1,101887.7503579593
Sweden,2011,2,108711.9134304441
Sweden,2011,3,103706.6407452348
Sweden,2011,4,109351.9628313273
Sweden,2012,1,103286.381035635
Sweden,2012,2,109985.42081437471
Sweden,2012,3,102718.7235858105
Sweden,2012,4,109392.9887250984
Sweden,2013,1,104516.3623328223
Sweden,2013,2,111358.36769151781
Sweden,2013,3,105085.4971694031
Sweden,2013,4,113467.73504410891
Sweden,2014,1,108105.9575700909
Sweden,2014,2,116330.11506187261
Sweden,2014,3,110094.1792086654
Sweden,2014,4,119224.0884271941
Sweden,2015,1,114831.1357299036
Sweden,2015,2,124111.5111073047
Sweden,2015,3,117379.514239386
Sweden,2015,4,127859.5276629027
Sweden,2016,1,119128.3992234399
Sweden,2016,2,129151.5592038546
Sweden,2016,3,120310.422273615
Sweden,2016,4,133156.4137647786
Sweden,2017,1,125602.9898603571
Sweden,2017,2,135132.58901903252
Sweden,2017,3,125889.8301813495
Sweden,2017,4,138994.0234194603
Sweden,2018,1,131557.5403590567
Sweden,2018,2,141939.364385847
Sweden,2018,3,130404.0422377917
Sweden,2018,4,144812.5406914452
Sweden,2019,1,137407.08275292392
Sweden,2019,2,146733.5980551756
Sweden,2019,3,137064.3290254623
Sweden,2019,4,149439.6023670417
Sweden,2020,1,140910.1940423814
Sweden,2020,2,138318.7440266961
Switzerland,2011,1,168625.80377278847
Switzerland,2011,2,171024.9620792118
Switzerland,2011,3,170183.08677727755
Switzerland,2011,4,171004.68781068045
Switzerland,2012,1,170005.22116740525
Switzerland,2012,2,171158.55307023728
Switzerland,2012,3,172061.90872160983
Switzerland,2012,4,173265.54272852774
Switzerland,2013,1,170972.79693423383
Switzerland,2013,2,175258.33893919838
Switzerland,2013,3,176364.43727588444
Switzerland,2013,4,176786.58042389934
Switzerland,2014,1,174828.9628088966
Switzerland,2014,2,177408.28812864717
Switzerland,2014,3,179324.2613001801
Switzerland,2014,4,180468.93554239604
Switzerland,2015,1,176841.81410681715
Switzerland,2015,2,179051.05183289008
Switzerland,2015,3,180223.12373528353
Switzerland,2015,4,180889.544421441
Switzerland,2016,1,177544.72847633113
Switzerland,2016,2,182429.40251405723
Switzerland,2016,3,182521.3490616129
Switzerland,2016,4,182451.32064219922
Switzerland,2017,1,180073.97087327723
Switzerland,2017,2,182771.21572243172
Switzerland,2017,3,184620.11942185013
Switzerland,2017,4,186289.62324242626
Switzerland,2018,1,184649.5993042011
Switzerland,2018,2,190872.04629307424
Switzerland,2018,3,189877.511228631
Switzerland,2018,4,190277.9554297853
Switzerland,2019,1,188568.1222534279
Switzerland,2019,2,192279.62848235347
Switzerland,2019,3,192510.2071904073
Switzerland,2019,4,194062.339434783
Switzerland,2020,1,186608.53200689238
Switzerland,2020,2,173601.32845166317
Turkey,2011,1,34733.39072915456
Turkey,2011,2,40181.36923527664
Turkey,2011,3,45618.83940672704
Turkey,2011,4,46096.75514667664
Turkey,2012,1,39819.92284800864
Turkey,2012,2,45666.62505051056
Turkey,2012,3,50732.626777359364
Turkey,2012,4,51350.95806378528
Turkey,2013,1,46096.826309213924
Turkey,2013,2,52759.1342119048
Turkey,2013,3,58683.30869665888
Turkey,2013,4,58726.931332011525
Turkey,2014,1,53852.99729328144
Turkey,2014,2,58133.198562638725
Turkey,2014,3,65392.21620084528
Turkey,2014,4,66341.16863547408
Turkey,2015,1,59358.166758530875
Turkey,2015,2,67146.43204691168
Turkey,2015,3,75255.01177601264
Turkey,2015,4,77071.96925911425
Turkey,2016,1,67360.28733186095
Turkey,2016,2,75381.83527786848
Turkey,2016,3,79522.20216147056
Turkey,2016,4,89256.76284445936
Turkey,2017,1,77620.96451338367
Turkey,2017,2,87799.43710392513
Turkey,2017,3,99617.12688028847
Turkey,2017,4,106633.05329114656
Turkey,2018,1,94474.72030924672
Turkey,2018,2,106533.79341206385
Turkey,2018,3,122940.52986957968
Turkey,2018,4,121803.09159454193
Turkey,2019,1,109751.63288321375
Turkey,2019,2,121980.90305435887
Turkey,2019,3,137350.8606458195
Turkey,2019,4,143309.5489611544
Turkey,2020,1,127333.5119001029
Turkey,2020,2,123543.22911864976
Argentina,2011,1,5975.697581595559
Argentina,2011,2,7077.606928007699
Argentina,2011,3,7119.88418975106
Argentina,2011,4,7401.994556389649
Argentina,2012,1,7420.665495079829
Argentina,2012,2,8387.29975255165
Argentina,2012,3,8557.284513878729
Argentina,2012,4,9017.10541659725
Argentina,2013,1,9139.891452132839
Argentina,2013,2,10718.043876360589
Argentina,2013,3,10872.229080310219
Argentina,2013,4,11642.11487289263
Argentina,2014,1,12394.296555926738
Argentina,2014,2,14877.746533859578
Argentina,2014,3,14823.563606452859
Argentina,2014,4,15851.961035519698
Argentina,2015,1,16111.795101916778
Argentina,2015,2,18828.740645029487
Argentina,2015,3,19683.739039176588
Argentina,2015,4,20729.05850919267
Argentina,2016,1,22166.978946903208
Argentina,2016,2,26621.19876803947
Argentina,2016,3,26978.92681601824
Argentina,2016,4,28358.8704077784
Argentina,2017,1,29235.437697074976
Argentina,2017,2,33403.08758888157
Argentina,2017,3,35169.11364452752
Argentina,2017,4,37095.758620559376
Argentina,2018,1,38721.17937215297
Argentina,2018,2,44399.649125161115
Argentina,2018,3,47829.327444449526
Argentina,2018,4,53085.54469360695
Argentina,2019,1,55086.840521837104
Argentina,2019,2,66152.1367764952
Argentina,2019,3,70510.36590273745
Argentina,2019,4,79661.99471127204
Argentina,2020,1,78432.22094536311
Argentina,2020,2,74708.84169908208
Brazil,2011,1,179084.235626712
Brazil,2011,2,191448.24523019203
Brazil,2011,3,195962.051695664
Brazil,2011,4,204501.08704087202
Brazil,2012,1,198981.321295008
Brazil,2012,2,208433.24429527202
Brazil,2012,3,216770.545174888
Brazil,2012,4,224040.40277403203
Brazil,2013,1,218738.89641985603
Brazil,2013,2,233002.761625808
Brazil,2013,3,238560.245779744
Brazil,2013,4,248979.65211307202
Brazil,2014,1,244164.662133168
Brazil,2014,2,250567.26060453602
Brazil,2014,3,257585.59755349602
Brazil,2014,4,265771.72530856
Brazil,2015,1,256653.73618265602
Brazil,2015,2,260757.502504328
Brazil,2015,3,265705.960330824
Brazil,2015,4,273172.126300424
Brazil,2016,1,264166.81673455203
Brazil,2016,2,274526.16606035206
Brazil,2016,3,277862.63320165605
Brazil,2016,4,287923.952490392
Brazil,2017,1,279974.952139648
Brazil,2017,2,287803.486131496
Brazil,2017,3,290274.966762792
Brazil,2017,4,301742.543168544
Brazil,2018,1,292063.72835251206
Brazil,2018,2,300320.677219416
Brazil,2018,3,305999.1738652
Brazil,2018,4,315295.78370079206
Brazil,2019,1,304016.46460875205
Brazil,2019,2,316370.555733136
Brazil,2019,3,324631.90889804
Brazil,2019,4,333447.56939203205
Brazil,2020,1,317712.14013832004
Brazil,2020,2,291203.586570304
Chile,2011,1,39691.309405800246
Chile,2011,2,39736.304667725046
Chile,2011,3,38264.46655640832
Chile,2011,4,43192.27519531992
Chile,2012,1,42032.08828279584
Chile,2012,2,42344.53713805464
Chile,2012,3,40894.60378888368
Chile,2012,4,46084.92527183616
Chile,2013,1,43797.14960549688
Chile,2013,2,44822.50857565704
Chile,2013,3,44087.19709185648
Chile,2013,4,49104.77485187232
Chile,2014,1,47573.8826020992
Chile,2014,2,48299.12995312512
Chile,2014,3,47172.166770854885
Chile,2014,4,52906.73879456856
Chile,2015,1,51664.650800015515
Chile,2015,2,52133.75324028
Chile,2015,3,50456.45707351272
Chile,2015,4,56141.501870112486
Chile,2016,1,55322.481291750715
Chile,2016,2,54655.63521140736
Chile,2016,3,53808.2100717804
Chile,2016,4,59775.57396158904
Chile,2017,1,57496.40900273592
Chile,2017,2,58074.882421220645
Chile,2017,3,57733.760262114716
Chile,2017,4,63731.87368342128
Chile,2018,1,62270.2790424216
Chile,2018,2,62670.735554893916
Chile,2018,3,60330.356758856884
Chile,2018,4,66943.0828826244
Chile,2019,1,64644.265298306884
Chile,2019,2,65257.61802266664
Chile,2019,3,63784.263190458245
Chile,2019,4,67989.3585441912
Chile,2020,1,68114.3594485608
Chile,2020,2,60880.50592237296
Estonia,2011,1,4458.4922501436295
Estonia,2011,2,4981.415570874179
Estonia,2011,3,5088.928137152039
Estonia,2011,4,5178.05347804251
Estonia,2012,1,4841.461848976529
Estonia,2012,2,5365.43921447451
Estonia,2012,3,5422.474748001
Estonia,2012,4,5511.01450846512
Estonia,2013,1,5212.95407145297
Estonia,2013,2,5658.81500807586
Estonia,2013,3,5702.26507571103
Estonia,2013,4,5717.13881854032
Estonia,2014,1,5458.19515400835
Estonia,2014,2,5981.938287335789
Estonia,2014,3,5970.812259235139
Estonia,2014,4,6223.08030690672
Estonia,2015,1,5582.9237848208995
Estonia,2015,2,6184.783347023429
Estonia,2015,3,6201.765179387579
Estonia,2015,4,6369.826761750029
Estonia,2016,1,5993.76701194806
Estonia,2016,2,6432.483867369479
Estonia,2016,3,6457.7809417878
Estonia,2016,4,6801.28241988471
Estonia,2017,1,6377.67353946312
Estonia,2017,2,7091.730311354309
Estonia,2017,3,7001.668041781679
Estonia,2017,4,7470.24949894695
Estonia,2018,1,6912.659816976479
Estonia,2018,2,7620.86078460417
Estonia,2018,3,7660.09467316962
Estonia,2018,4,8183.369342155979
Estonia,2019,1,7625.311195844429
Estonia,2019,2,8245.67509951962
Estonia,2019,3,8321.21497451877
Estonia,2019,4,8731.94108556066
Estonia,2020,1,7655.761378014629
Estonia,2020,2,7549.41997258947
India,2011,1,291.545115606
India,2011,2,274.6419043
India,2011,3,272.756303166
India,2011,4,301.70290133
India,2012,1,325.042423278
India,2012,2,310.88899096
India,2012,3,316.76889471
India,2012,4,342.496665564
India,2013,1,366.298515944
India,2013,2,344.780084186
India,2013,3,361.01937036
India,2013,4,392.58538164600003
India,2014,1,411.374194086
India,2014,2,391.68760434200004
India,2014,3,410.448193244
India,2014,4,428.046241176
India,2015,1,445.484355726
India,2015,2,435.92464021200004
India,2015,3,451.022889064
India,2015,4,467.25142341400004
India,2016,1,496.70873321799996
India,2016,2,489.177080506
India,2016,3,504.54546893599996
India,2016,4,520.792818978
India,2017,1,554.091217906
India,2017,2,538.59246361
India,2017,3,560.723749336
India,2017,4,581.41832258
India,2018,1,617.238024236
India,2018,2,611.6739553159999
India,2018,3,624.658126774
India,2018,4,647.449305698
India,2019,1,665.9101875059999
India,2019,2,660.9992918940001
India,2019,3,661.3299104820001
India,2019,4,695.270730894
India,2020,1,716.029815082
India,2020,2,511.81235798200004
Indonesia,2011,1,126.34230812556002
Indonesia,2011,2,132.8082048148
Indonesia,2011,3,141.45294667224002
Indonesia,2011,4,138.811367673
Indonesia,2012,1,141.97591221548
Indonesia,2012,2,148.91158870964
Indonesia,2012,3,153.15464938496004
Indonesia,2012,4,149.36966655012003
Indonesia,2013,1,153.95683661060002
Indonesia,2013,2,161.3472573662
Indonesia,2013,3,171.5800363826
Indonesia,2013,4,170.61157657100003
Indonesia,2014,1,172.62293005512004
Indonesia,2014,2,180.38156665588002
Indonesia,2014,3,189.18490835744
Indonesia,2014,4,185.80538929224002
Indonesia,2015,1,187.90508262092004
Indonesia,2015,2,197.53166681904003
Indonesia,2015,3,205.98246876200002
Indonesia,2015,4,202.46386919772004
Indonesia,2016,1,201.75515993640002
Indonesia,2016,2,211.69168433452003
Indonesia,2016,3,220.74760663640004
Indonesia,2016,4,219.98204056728002
Indonesia,2017,1,222.34229717832005
Indonesia,2017,2,231.88949535988002
Indonesia,2017,3,241.34964167060002
Indonesia,2017,4,240.42596477412005
Indonesia,2018,1,241.85038105772006
Indonesia,2018,2,253.84865521648
Indonesia,2018,3,264.63106840844
Indonesia,2018,4,261.66750286676006
Indonesia,2019,1,260.61557960308
Indonesia,2019,2,273.01335290452005
Indonesia,2019,3,280.14310017680003
Indonesia,2019,4,276.80031935664005
Indonesia,2020,1,270.17687661996
Indonesia,2020,2,253.99155831136005
Israel,2011,1,66352.67904353188
Israel,2011,2,67617.33504133312
Israel,2011,3,69743.2532046294
Israel,2011,4,71143.7275825352
Israel,2012,1,70364.66275953896
Israel,2012,2,72400.3786833942
Israel,2012,3,74344.47973893624
Israel,2012,4,74727.7730395823
Israel,2013,1,73999.32741783846
Israel,2013,2,78198.0430128842
Israel,2013,3,78659.88436477601
Israel,2013,4,80169.04287653361
Israel,2014,1,79299.06949966024
Israel,2014,2,80686.3299116577
Israel,2014,3,81485.3481174732
Israel,2014,4,85001.64624819296
Israel,2015,1,84324.2318444559
Israel,2015,2,85475.08292874377
Israel,2015,3,85270.28117204872
Israel,2015,4,88236.4486463667
Israel,2016,1,87586.52164610042
Israel,2016,2,88607.08714669966
Israel,2016,3,91353.00223603335
Israel,2016,4,92576.10340117855
Israel,2017,1,90959.84996305032
Israel,2017,2,92844.5617464253
Israel,2017,3,93568.21031595742
Israel,2017,4,96222.92255373226
Israel,2018,1,95014.38912383122
Israel,2018,2,96634.85101880776
Israel,2018,3,98368.29379378892
Israel,2018,4,101440.32014421438
Israel,2019,1,101335.28530161566
Israel,2019,2,101262.77035284477
Israel,2019,3,104414.2865070974
Israel,2019,4,106990.53898293102
Israel,2020,1,103360.22993032067
Israel,2020,2,95876.2104549215
Russian Federation,2011,1,166240.5279613476
Russian Federation,2011,2,184237.19153452103
Russian Federation,2011,3,200966.94238736926
Russian Federation,2011,4,215813.4621946699
Russian Federation,2012,1,193783.61752555871
Russian Federation,2012,2,209778.93641390686
Russian Federation,2012,3,226113.4180028839
Russian Federation,2012,4,239554.56150985655
Russian Federation,2013,1,208936.64618981592
Russian Federation,2013,2,223459.83244631664
Russian Federation,2013,3,242548.59121088663
Russian Federation,2013,4,256599.5181900641
Russian Federation,2014,1,220951.9779410573
Russian Federation,2014,2,243068.3175162811
Russian Federation,2014,3,262211.03093741613
Russian Federation,2014,4,282459.4861609759
Russian Federation,2015,1,235713.07751924545
Russian Federation,2015,2,252089.80463557199
Russian Federation,2015,3,278096.1507614011
Russian Federation,2015,4,294576.9160562479
Russian Federation,2016,1,241038.0675938993
Russian Federation,2016,2,261039.74021967407
Russian Federation,2016,3,283795.33136992896
Russian Federation,2016,4,306877.8821486054
Russian Federation,2017,1,262748.5596119297
Russian Federation,2017,2,279742.4282917982
Russian Federation,2017,3,302724.72013019375
Russian Federation,2017,4,327013.81154275296
Russian Federation,2018,1,291582.93740875705
Russian Federation,2018,2,321963.6822361056
Russian Federation,2018,3,351106.9811696167
Russian Federation,2018,4,370774.7266352076
Russian Federation,2019,1,318379.9688412537
Russian Federation,2019,2,337084.0864124755
Russian Federation,2019,3,368548.07885287725
Russian Federation,2019,4,380547.9681848491
Russian Federation,2020,1,323139.10956686136
Russian Federation,2020,2,297236.05240886466
Slovenia,2011,1,10290.404832248549
Slovenia,2011,2,11191.73022448647
Slovenia,2011,3,11037.605456271149
Slovenia,2011,4,10881.72394677678
Slovenia,2012,1,10279.747268488978
Slovenia,2012,2,10850.21971983915
Slovenia,2012,3,10785.45452468484
Slovenia,2012,4,10542.7899960054
Slovenia,2013,1,9916.33605589617
Slovenia,2013,2,10915.45337933454
Slovenia,2013,3,10948.948579721759
Slovenia,2013,4,10913.228173714408
Slovenia,2014,1,10289.35078748112
Slovenia,2014,2,11312.47690839984
Slovenia,2014,3,11346.089224872328
Slovenia,2014,4,11127.78484192905
Slovenia,2015,1,10594.43818960947
Slovenia,2015,2,11539.09653339729
Slovenia,2015,3,11683.03220219412
Slovenia,2015,4,11685.96010432587
Slovenia,2016,1,11000.01119289948
Slovenia,2016,2,12057.21809463177
Slovenia,2016,3,12146.22631943697
Slovenia,2016,4,12162.15410703369
Slovenia,2017,1,11580.204279327058
Slovenia,2017,2,12732.74367446913
Slovenia,2017,3,12901.976417684278
Slovenia,2017,4,13155.76697446437
Slovenia,2018,1,12385.962945984658
Slovenia,2018,2,13488.96223705752
Slovenia,2018,3,13860.80580778977
Slovenia,2018,4,13976.86784829234
Slovenia,2019,1,13177.9019145804
Slovenia,2019,2,14276.333678327728
Slovenia,2019,3,14626.510773285028
Slovenia,2019,4,14594.65519809159
Slovenia,2020,1,13198.397229502649
Slovenia,2020,2,12680.86124869452
South Africa,2011,1,45175.31362892965
South Africa,2011,2,46755.97587266043
South Africa,2011,3,48182.98370176776
South Africa,2011,4,49533.23958901258
South Africa,2012,1,48609.78897592471
South Africa,2012,2,50856.13648545867
South Africa,2012,3,51773.79165895506
South Africa,2012,4,52845.72845915191
South Africa,2013,1,52805.99457407396
South Africa,2013,2,55056.85801056232
South Africa,2013,3,56500.60613000477
South Africa,2013,4,57668.11123437411
South Africa,2014,1,57477.59556598536
South Africa,2014,2,58955.82780542127
South Africa,2014,3,60567.16071971735
South Africa,2014,4,61675.5385415879
South Africa,2015,1,61226.43587809359
South Africa,2015,2,63062.37970928414
South Africa,2015,3,64084.22735301177
South Africa,2015,4,65640.5851287588
South Africa,2016,1,65919.24918244913
South Africa,2016,2,67961.15064336416
South Africa,2016,3,69203.85847576581
South Africa,2016,4,70321.27442366592
South Africa,2017,1,69706.16753975203
South Africa,2017,2,72346.71156755972
South Africa,2017,3,74205.02805353687
South Africa,2017,4,75620.1564859058
South Africa,2018,1,72537.76036621392
South Africa,2018,2,75926.66248369416
South Africa,2018,3,78172.65248234423
South Africa,2018,4,79059.75615556995
South Africa,2019,1,75681.96823609415
South Africa,2019,2,79218.24010318631
South Africa,2019,3,81193.25566821005
South Africa,2019,4,82381.3145123427
South Africa,2020,1,80114.90876058627
South Africa,2020,2,67485.81797080972
Latvia,2011,1,5190.11643482532
Latvia,2011,2,5949.380015630729
Latvia,2011,3,6264.422285007029
Latvia,2011,4,6501.34812550824
Latvia,2012,1,5750.399786757
Latvia,2012,2,6435.997349927579
Latvia,2012,3,6722.8146427538095
Latvia,2012,4,6908.912102247839
Latvia,2013,1,5929.82162939064
Latvia,2013,2,6660.74311756071
Latvia,2013,3,7017.83006154894
Latvia,2013,4,7238.945230538699
Latvia,2014,1,6198.6030450852895
Latvia,2014,2,6873.308812325759
Latvia,2014,3,7206.504074918909
Latvia,2014,4,7377.25932724257
Latvia,2015,1,6405.78139992792
Latvia,2015,2,7203.5761727871595
Latvia,2015,3,7554.69019642662
Latvia,2015,4,7600.7168179377295
Latvia,2016,1,6621.626345080529
Latvia,2016,2,7417.66437666072
Latvia,2016,3,7696.8691239444
Latvia,2016,4,7964.83072704216
Latvia,2017,1,6972.506136549449
Latvia,2017,2,7890.5791289809795
Latvia,2017,3,8277.53067471306
Latvia,2017,4,8436.57431850972
Latvia,2018,1,7371.05217472326
Latvia,2018,2,8561.53718149281
Latvia,2018,3,8989.128008813579
Latvia,2018,4,9208.720668694828
Latvia,2019,1,7887.88545901977
Latvia,2019,2,8956.686853193789
Latvia,2019,3,9424.565613847439
Latvia,2019,4,9408.28647799491
Latvia,2020,1,7886.7142981670695
Latvia,2020,2,8074.33426676961
Lithuania,2011,1,8098.225948164689
Lithuania,2011,2,9354.413078770709
Lithuania,2011,3,9798.985738455629
Lithuania,2011,4,9425.853890785409
Lithuania,2012,1,8780.075796606629
Lithuania,2012,2,9765.84188632422
Lithuania,2012,3,10515.03348379641
Lithuania,2012,4,10067.767154150279
Lithuania,2013,1,9036.208675092119
Lithuania,2013,2,10287.828278372608
Lithuania,2013,3,11163.856596192209
Lithuania,2013,4,10549.11426460998
Lithuania,2014,1,9588.52813322544
Lithuania,2014,2,10785.33740859957
Lithuania,2014,3,11594.258209559459
Lithuania,2014,4,10874.46274949004
Lithuania,2015,1,9617.5729223724
Lithuania,2015,2,10970.14659115563
Lithuania,2015,3,11865.14771478897
Lithuania,2015,4,11284.95462836139
Lithuania,2016,1,10030.641355119691
Lithuania,2016,2,11410.385955685559
Lithuania,2016,3,12266.036074668178
Lithuania,2016,4,11839.265059944299
Lithuania,2017,1,10908.075065962528
Lithuania,2017,2,12286.6485056757
Lithuania,2017,3,13416.11603201958
Lithuania,2017,4,12901.5079533432
Lithuania,2018,1,11722.383206844841
Lithuania,2018,2,13221.000633959758
Lithuania,2018,3,14225.73952949109
Lithuania,2018,4,14108.154979880008
Lithuania,2019,1,12659.429005090109
Lithuania,2019,2,14181.82099751484
Lithuania,2019,3,15296.414781029429
Lithuania,2019,4,15011.9398099086
Lithuania,2020,1,13138.433793844408
Lithuania,2020,2,13552.79050352967
Costa Rica,2011,1,8678.01693885152
Costa Rica,2011,2,8467.611054559171
Costa Rica,2011,3,8646.86278359266
Costa Rica,2011,4,9444.40988370868
Costa Rica,2012,1,9702.26919241512
Costa Rica,2012,2,9315.534311277941
Costa Rica,2012,3,9287.17774132005
Costa Rica,2012,4,10230.706459993671
Costa Rica,2013,1,10208.29214126827
Costa Rica,2013,2,9990.93475133032
Costa Rica,2013,3,10003.46378499949
Costa Rica,2013,4,10789.00502809277
Costa Rica,2014,1,11076.99406832524
Costa Rica,2014,2,10920.29647957283
Costa Rica,2014,3,10976.019161841241
Costa Rica,2014,4,11919.440211321631
Costa Rica,2015,1,12082.79037119081
Costa Rica,2015,2,11768.734174090801
Costa Rica,2015,3,11799.27001468716
Costa Rica,2015,4,12629.47863876726
Costa Rica,2016,1,12810.02124393214
Costa Rica,2016,2,12514.61902310607
Costa Rica,2016,3,12473.570679059841
Costa Rica,2016,4,13540.390352132501
Costa Rica,2017,1,13720.83221322837
Costa Rica,2017,2,13354.45126147723
Costa Rica,2017,3,13332.45624253496
Costa Rica,2017,4,14315.9449065649
Costa Rica,2018,1,14516.22197226595
Costa Rica,2018,2,14142.863628095341
Costa Rica,2018,3,13999.88652414576
Costa Rica,2018,4,14948.062495822733
Costa Rica,2019,1,15209.72567633287
Costa Rica,2019,2,14552.78596861191
Costa Rica,2019,3,14589.727713995682
Costa Rica,2019,4,15493.39756114981
Costa Rica,2020,1,15316.5313725262
Costa Rica,2020,2,12981.47858077211
China,2011,1,1570028.168549121
China,2011,2,1786829.623891661
China,2011,3,1902042.7804903379
China,2011,4,2074117.852133659
China,2012,1,1763711.248822104
China,2012,2,1973554.498575874
China,2012,3,2075282.5625723838
China,2012,4,2281509.94998348
China,2013,1,1945436.1343067838
China,2013,2,2156873.9102224726
China,2013,3,2287682.1638826327
China,2013,4,2521369.666308417
China,2014,1,2115411.721456042
China,2014,2,2351807.3635083837
China,2014,3,2486990.419861613
China,2014,4,2717591.063911731
China,2015,1,2271379.223444841
China,2015,2,2533052.8391479626
China,2015,3,2654002.3825138826
China,2015,4,2894086.0238134908
China,2016,1,2440782.2239138996
China,2016,2,2714376.4631008497
China,2016,3,2860869.984953233
China,2016,4,3173293.4158890056
China,2017,1,2710924.4116456867
China,2017,2,3014100.7931240727
China,2017,3,3179967.582415945
China,2017,4,3525423.7042461378
China,2018,1,2987416.1498337486
China,2018,2,3365820.8028363376
China,2018,3,3523802.1267449968
China,2018,4,3889515.193095931
China,2019,1,3277161.541388412
China,2019,2,3645525.6389831016
China,2019,3,3790323.9435775727
China,2019,4,4178225.119499263
China,2020,1,3103454.372278697
China,2020,2,3758785.087749079
China,2020,3,4000171.7018878795
Saudi Arabia,2011,1,159677.12001995964
Saudi Arabia,2011,2,168119.68002101497
Saudi Arabia,2011,3,168383.97335438133
Saudi Arabia,2011,4,175058.1866885489
Saudi Arabia,2012,1,189542.85335702618
Saudi Arabia,2012,2,181368.85335600443
Saudi Arabia,2012,3,181871.25335606723
Saudi Arabia,2012,4,183191.86668956565
Saudi Arabia,2013,1,187350.34669008548
Saudi Arabia,2013,2,184739.81335642582
Saudi Arabia,2013,3,187134.00002339174
Saudi Arabia,2013,4,187422.96002342788
Saudi Arabia,2014,1,198991.97335820732
Saudi Arabia,2014,2,193661.89335754106
Saudi Arabia,2014,3,192849.12002410612
Saudi Arabia,2014,4,170847.25335468922
Saudi Arabia,2015,1,171229.46668807036
Saudi Arabia,2015,2,168996.40002112454
Saudi Arabia,2015,3,161864.45335356638
Saudi Arabia,2015,4,152179.60001902244
Saudi Arabia,2016,1,153627.06668587006
Saudi Arabia,2016,2,160200.9866866918
Saudi Arabia,2016,3,161354.80002016935
Saudi Arabia,2016,4,169752.72002121908
Saudi Arabia,2017,1,169257.73335449054
Saudi Arabia,2017,2,166604.1600208255
Saudi Arabia,2017,3,171870.2400214838
Saudi Arabia,2017,4,180854.00002260675
Saudi Arabia,2018,1,186450.85335663968
Saudi Arabia,2018,2,197026.80002462835
Saudi Arabia,2018,3,198683.06669150206
Saudi Arabia,2018,4,204361.09335887845
Saudi Arabia,2019,1,191611.49335728475
Saudi Arabia,2019,2,197341.81335800106
Saudi Arabia,2019,3,198765.14669151232
Saudi Arabia,2019,4,205248.3733589894
Saudi Arabia,2020,1,185485.333356519
Saudi Arabia,2020,2,150456.29335214038
United Kingdom,2011,1,542406.139826523
United Kingdom,2011,2,530230.6624810755
United Kingdom,2011,3,535739.204660751
United Kingdom,2011,4,549980.547836622
United Kingdom,2012,1,555407.183441523
United Kingdom,2012,2,544647.5197457491
United Kingdom,2012,3,556347.1588948875
United Kingdom,2012,4,569077.7808026955
United Kingdom,2013,1,571502.4754368931
United Kingdom,2013,2,570433.78965174
United Kingdom,2013,3,577616.8662490275
United Kingdom,2013,4,595069.4671978035
United Kingdom,2014,1,604566.729558561
United Kingdom,2014,2,599846.0506219545
United Kingdom,2014,3,602589.2708247196
United Kingdom,2014,4,615102.775304157
United Kingdom,2015,1,618640.3592717985
United Kingdom,2015,2,620271.990245481
United Kingdom,2015,3,621046.852444935
United Kingdom,2015,4,635774.4346520071
United Kingdom,2016,1,640942.3494889695
United Kingdom,2016,2,645438.1103710366
United Kingdom,2016,3,642636.3854720041
United Kingdom,2016,4,664316.925804378
United Kingdom,2017,1,669504.342206763
United Kingdom,2017,2,664238.9195426881
United Kingdom,2017,3,668032.6240695451
United Kingdom,2017,4,687824.1127646596
United Kingdom,2018,1,687349.574672712
United Kingdom,2018,2,689137.2181697745
United Kingdom,2018,3,695325.7149305146
United Kingdom,2018,4,712740.612852807
United Kingdom,2019,1,717314.379996564
United Kingdom,2019,2,710089.7000597086
United Kingdom,2019,3,718834.2019951575
United Kingdom,2019,4,732663.412088433
United Kingdom,2020,1,721945.351732227
United Kingdom,2020,2,613874.1766825395
Portugal,2011,1,49969.68586998036
Portugal,2011,2,52142.07213565358
Portugal,2011,3,51799.858934494645
Portugal,2011,4,52325.35880910113
Portugal,2012,1,48359.22258143259
Portugal,2012,2,48849.70474654335
Portugal,2012,3,49874.47049265585
Portugal,2012,4,50017.9376971116
Portugal,2013,1,47709.11119209882
Portugal,2013,2,49470.419998474346
Portugal,2013,3,50896.3083366366
Portugal,2013,4,51598.06791957443
Portugal,2014,1,48098.40505953629
Portugal,2014,2,51114.261371324064
Portugal,2014,3,51988.41583177935
Portugal,2014,4,51472.63659225027
Portugal,2015,1,50183.188493427566
Portugal,2015,2,53223.873415292575
Portugal,2015,3,53853.60660578936
Portugal,2015,4,53212.39603893612
Portugal,2016,1,52336.8361854576
Portugal,2016,2,55058.262658876585
Portugal,2016,3,55792.463397434214
Portugal,2016,4,55222.10806216932
Portugal,2017,1,54630.08625112946
Portugal,2017,2,57789.409767372985
Portugal,2017,3,58494.21436852784
Portugal,2017,4,58571.979449147126
Portugal,2018,1,57073.94760245856
Portugal,2018,2,60158.90240455563
Portugal,2018,3,61340.95505318573
Portugal,2018,4,61729.78045628213
Portugal,2019,1,59608.45680378663
Portugal,2019,2,62484.00804542093
Portugal,2019,3,63477.85514502216
Portugal,2019,4,64239.46104753296
Portugal,2020,1,59513.35854254738
Portugal,2020,2,54217.95474706433
Canada,2011,1,317699.9457127899
Canada,2011,2,329447.20688026684
Canada,2011,3,351102.7692282201
Canada,2011,4,352653.1305257493
Canada,2012,1,329571.3271609629
Canada,2012,2,340343.90146162384
Canada,2012,3,360628.0489290024
Canada,2012,4,360822.9863023656
Canada,2013,1,337428.2170764375
Canada,2013,2,350583.4438819947
Canada,2013,3,381470.3569224561
Canada,2013,4,379029.8323848426
Canada,2014,1,355871.1201344715
Canada,2014,2,372349.4199765795
Canada,2014,3,399385.55841900303
Canada,2014,4,391457.08993674663
Canada,2015,1,359704.3808278713
Canada,2015,2,370876.7290387497
Canada,2015,3,397178.8064346024
Canada,2015,4,387909.38203635934
Canada,2016,1,361892.0959594044
Canada,2016,2,373434.52059002704
Canada,2016,3,403729.00676925184
Canada,2016,4,403336.8476001813
Canada,2017,1,380246.6680201332
Canada,2017,2,399476.93531276705
Canada,2017,3,426184.87841175485
Canada,2017,4,424489.07555831794
Canada,2018,1,397467.40512407373
Canada,2018,2,415761.0592556265
Canada,2018,3,446027.37089260743
Canada,2018,4,434152.9435479756
Canada,2019,1,408812.60795898904
Canada,2019,2,432661.97723139304
Canada,2019,3,458397.51788590895
Canada,2019,4,454471.3573505157
Canada,2020,1,412436.46327084635
Canada,2020,2,369046.1452670109
Colombia,2011,1,37419.04574015424
Colombia,2011,2,38994.87115826046
Colombia,2011,3,41244.94137666777
Colombia,2011,4,45078.51235832813
Colombia,2012,1,41587.414495799094
Colombia,2012,2,42423.573651116545
Colombia,2012,3,43735.6551543759
Colombia,2012,4,47473.98130600844
Colombia,2013,1,43269.15852545642
Colombia,2013,2,45520.40498375112
Colombia,2013,3,47821.31157396801
Colombia,2013,4,51119.81864952443
Colombia,2014,1,47429.350570997754
Colombia,2014,2,48128.61017280347
Colombia,2014,3,50759.76794474069
Colombia,2014,4,54244.816303158055
Colombia,2015,1,49509.60363343958
Colombia,2015,2,50138.94733864322
Colombia,2015,3,54269.47619789768
Colombia,2015,4,57630.59100881948
Colombia,2016,1,53126.892303068365
Colombia,2016,2,54344.180785756434
Colombia,2016,3,57404.10365508831
Colombia,2016,4,62207.84198588687
Colombia,2017,1,56838.38915949848
Colombia,2017,2,57735.67824470123
Colombia,2017,3,61463.12248170987
Colombia,2017,4,65949.0211409904
Colombia,2018,1,60575.0052914691
Colombia,2018,2,62048.80471542272
Colombia,2018,3,66047.4199354259
Colombia,2018,4,70524.01577858225
Colombia,2019,1,64517.956566398214
Colombia,2019,2,67043.46437806073
Colombia,2019,3,71147.65458099834
Colombia,2019,4,76413.14175575055
Colombia,2020,1,67811.23071258575
Colombia,2020,2,56522.24168343597
United States,2011,1,3748311.0
United States,2011,2,3881126.0
United States,2011,3,3913784.0
United States,2011,4,3999363.0
United States,2012,1,3947585.0
United States,2012,2,4036139.0
United States,2012,3,4071213.0
United States,2012,4,4142070.0
United States,2013,1,4049584.0
United States,2013,2,4163863.0
United States,2013,3,4234415.0
United States,2013,4,4336990.0
United States,2014,1,4193475.0
United States,2014,2,4355448.0
United States,2014,3,4449960.0
United States,2014,4,4528375.0
United States,2015,1,4393454.0
United States,2015,2,4564400.0
United States,2015,3,4614854.0
United States,2015,4,4665593.0
United States,2016,1,4499936.0
United States,2016,2,4677266.0
United States,2016,3,4741738.0
United States,2016,4,4826136.0
United States,2017,1,4664696.0
United States,2017,2,4872720.0
United States,2017,3,4946231.0
United States,2017,4,5059332.0
United States,2018,1,4932159.0
United States,2018,2,5154603.0
United States,2018,3,5219546.0
United States,2018,4,5305554.0
United States,2019,1,5132160.0
United States,2019,2,5357342.0
United States,2019,3,5415390.0
United States,2019,4,5528336.0
United States,2020,1,5245520.0
United States,2020,2,4901784.0
United States,2020,3,5318341.0
Romania,2011,1,26644.10494734309
Romania,2011,2,31290.02095099101
Romania,2011,3,37070.41377082953
Romania,2011,4,39498.56477569908
Romania,2012,1,27444.83283508797
Romania,2012,2,33585.39918125463
Romania,2012,3,39119.78813993277
Romania,2012,4,42273.051288880015
Romania,2013,1,29172.51540100878
Romania,2013,2,35585.75086740114
Romania,2013,3,42152.67256519344
Romania,2013,4,45901.16301780726
Romania,2014,1,31173.51687234912
Romania,2014,2,37767.65734992741
Romania,2014,3,44402.61396412554
Romania,2014,4,47827.94458034124
Romania,2015,1,33646.74371677584
Romania,2015,2,39185.80150240224
Romania,2015,3,47492.70355256154
Romania,2015,4,51008.64310413909
Romania,2016,1,35371.68274521159
Romania,2016,2,43124.67901680825
Romania,2016,3,49969.17932295741
Romania,2016,4,55315.972889565
Romania,2017,1,39643.58720451462
Romania,2017,2,47458.72219353606
Romania,2017,3,57189.90525633414
Romania,2017,4,62169.97931243871
Romania,2018,1,43477.921501068864
Romania,2018,2,53157.74746743609
Romania,2018,3,63545.23764212077
Romania,2018,4,68863.19999901693
Romania,2019,1,48834.967234068
Romania,2019,2,58976.862671603216
Romania,2019,3,69902.63971408032
Romania,2019,4,77339.02213345373
Romania,2020,1,51974.44049723508
Romania,2020,2,53698.801938831864
Bulgaria,2011,1,10351.24324617075
Bulgaria,2011,2,12125.981610385648
Bulgaria,2011,3,13300.238285001149
Bulgaria,2011,4,12554.36673278235
Bulgaria,2012,1,10171.002930485249
Bulgaria,2012,2,12124.664239307549
Bulgaria,2012,3,13515.5086952634
Bulgaria,2012,4,13433.7119274141
Bulgaria,2013,1,10332.91981208445
Bulgaria,2013,2,11930.471766294899
Bulgaria,2013,3,13164.66882496395
Bulgaria,2013,4,13646.94640055565
Bulgaria,2014,1,10106.7511501761
Bulgaria,2014,2,12064.783735757548
Bulgaria,2014,3,13944.8519057169
Bulgaria,2014,4,14114.313730763399
Bulgaria,2015,1,10925.796677733
Bulgaria,2015,2,13245.267982742249
Bulgaria,2015,3,14414.9138585844
Bulgaria,2015,4,14924.676585305548
Bulgaria,2016,1,11755.68057643245
Bulgaria,2016,2,13734.850979767049
Bulgaria,2016,3,15467.193947468548
Bulgaria,2016,4,16006.95680646825
Bulgaria,2017,1,12533.5881980505
Bulgaria,2017,2,14912.999887113298
Bulgaria,2017,3,16708.39702505295
Bulgaria,2017,4,17129.776128534297
Bulgaria,2018,1,13334.669574542399
Bulgaria,2018,2,15964.741051465498
Bulgaria,2018,3,18228.5833686768
Bulgaria,2018,4,18186.966418709548
Bulgaria,2019,1,15046.653171036898
Bulgaria,2019,2,17777.204132916897
Bulgaria,2019,3,18970.56268816485
Bulgaria,2019,4,19925.836361298
Bulgaria,2020,1,15564.79916825505
Bulgaria,2020,2,16631.211055977
