region,year,household_savings,gdp,household_debt
Australia,2000,2.03939014914625,28249.377533,125.2092
Australia,2001,3.3266120117092504,29474.974238,130.5223
Australia,2002,-0.998092199575326,30740.962902999996,150.0406
Australia,2003,-0.06967566777520401,32245.447585,161.5096
Australia,2004,1.1203804307380902,33856.852355,171.8057
Australia,2005,0.320218933826123,35570.808014999995,181.8293
Australia,2006,0.831748667110695,37844.782088,186.9583
Australia,2007,2.5243459270455397,39597.743117,189.7027
Australia,2008,8.87187763509849,40094.833205,183.4667
Australia,2009,6.82404795621434,41615.326657,189.4346
Australia,2010,8.35143370298683,42787.358539,187.3372
Australia,2011,8.83715380463631,44419.309749,185.9569
Australia,2012,7.481714639994099,43879.180355000004,187.2603
Australia,2013,7.859812410555249,47761.214060000006,187.7718
Australia,2014,7.9522703294417205,47644.762792,191.8578
Australia,2015,6.083489972503999,47304.816745,199.3722
Australia,2016,5.11925642954512,50284.172793,207.3164
Australia,2017,3.83647126470675,51297.139196,213.4635
Australia,2018,3.0340595571666,53700.680893,217.2554
Austria,2000,10.6323620101249,29387.013559,75.41841
Austria,2001,9.022111553481109,29715.497031,77.01186
Austria,2002,9.400174641201891,31178.051444,78.95232
Austria,2003,9.64812925464156,32121.714513,79.08277
Austria,2004,9.52426830502389,33753.625012000004,81.19778000000001
Austria,2005,11.13639539683,35024.557484,87.18607
Austria,2006,11.619636429029901,37619.892106,88.55872
Austria,2007,12.4123757309681,39391.07903,88.36625
Austria,2008,12.3545290786405,41316.022642,89.79839
Austria,2009,11.3985751349722,40966.523911000004,90.11239
Austria,2010,9.59183079078251,42049.248693,93.71614
Austria,2011,7.88123256906157,44469.209642,93.2784
Austria,2012,8.862548009302529,46477.655075,91.04684
Austria,2013,7.113217781174099,47936.677963,90.82967
Austria,2014,7.296401932157691,48813.534409,90.48385999999999
Austria,2015,6.7366648909146605,49955.456118,92.05358000000001
Austria,2016,7.69505833451046,52659.767807,92.12938
Austria,2017,7.3479998466581105,54511.590833,90.92339
Austria,2018,7.6827897501152504,56837.722049,90.42094
Belgium,2000,11.450031394821401,27795.115531,71.44542
Belgium,2001,12.8730581728916,28800.312687999998,67.32359
Belgium,2002,12.452791950122199,30282.254116000004,68.94025
Belgium,2003,11.7697100076919,30899.178668,70.9725
Belgium,2004,10.481607318654401,32034.127911000003,75.30256999999999
Belgium,2005,10.184735710472,33177.947339,80.51897
Belgium,2006,10.856326489024699,35216.526865,84.01609
Belgium,2007,11.238074326293098,36752.96852,87.73544
Belgium,2008,11.8859658436826,37883.233422000005,90.04876999999999
Belgium,2009,12.167289497798901,37785.827791,92.82834
Belgium,2010,9.25756707954232,39866.668935,97.41507
Belgium,2011,8.349677754387692,40942.230717,102.6412
Belgium,2012,7.868108550025379,42290.858433,103.0443
Belgium,2013,6.57913642488806,43671.146878,104.7668
Belgium,2014,6.40555612582685,44929.532494,109.2393
Belgium,2015,5.52605837659284,46213.262388,111.6695
Belgium,2016,5.414605681175491,48592.578279,112.5323
Belgium,2017,5.2078562617465405,50615.176524,113.5038
Belgium,2018,4.8399524299434695,52350.274336,114.9683
Denmark,2000,-5.69394234805096,28677.542094,232.1425
Denmark,2001,0.353706451643008,29459.707962,236.7646
Denmark,2002,1.41226024194005,30639.953691000002,242.52
Denmark,2003,2.18458283978477,30790.003955,247.9129
Denmark,2004,-1.9064146898567,32918.107721,261.5377
Denmark,2005,-4.272723520752799,34152.881663,281.7372
Denmark,2006,-1.52567575825474,37291.225966000005,299.3419
Denmark,2007,-3.0338951750160996,38975.936529,324.6386
Denmark,2008,-4.09924316599746,41282.995470999995,339.7779
Denmark,2009,0.6568246099806401,40370.917614,339.7609
Denmark,2010,1.83706415835001,43037.103809,326.155
Denmark,2011,0.7996349906729799,44407.94207,319.9125
Denmark,2012,0.122214384216133,44808.549212,314.2155
Denmark,2013,2.33988684162496,46742.939663,305.8037
Denmark,2014,-2.89805753605089,47905.477079000004,305.774
Denmark,2015,3.90863198381378,49071.305043,293.0566
Denmark,2016,5.61316419164871,51961.77129,265.6999
Denmark,2017,6.60796162857114,55516.7128,263.9375
Denmark,2018,6.64209173808365,57408.513808,256.0896
Finland,2000,2.6334647079899702,26794.795288,67.60523
Finland,2001,1.8845852057921397,27807.623062,69.73501999999999
Finland,2002,2.01310157136801,28605.122922000002,74.28116
Finland,2003,1.52645817269365,29019.845392000003,78.52108
Finland,2004,2.4537739840230897,31173.294699000002,86.56316
Finland,2005,0.508738620320335,32051.762888999998,96.914
Finland,2006,-1.02983954208501,34413.345045,107.05
Finland,2007,-0.7037102708453391,37799.167686,111.8986
Finland,2008,-0.40659352174961,40083.701943,114.43700000000001
Finland,2009,3.29088348741811,38008.611626,114.8615
Finland,2010,3.26677347504982,38982.168686000005,116.7394
Finland,2011,1.05282947922542,40916.647325,120.15700000000001
Finland,2012,0.35219987342817,40872.854802,121.6654
Finland,2013,0.9475068669643101,41492.918416,122.2347
Finland,2014,-0.0026595744680849996,41749.864732999995,122.1285
Finland,2015,-0.46417478100024395,42501.611531,125.3838
Finland,2016,-1.38722075426375,44929.949421,131.6701
Finland,2017,-0.948217267623835,47501.752555,136.0301
Finland,2018,-0.7530120481927709,49376.600849,144.2559
Finland,2019,0.427350427350427,51414.029969999996,148.1673
France,2000,8.67369758635164,26104.479381,76.50024
France,2001,9.370043165624269,27506.028114999997,78.59366
France,2002,10.390870555366199,28528.156107,81.03689
France,2003,9.59870818067074,28146.379252,85.13754
France,2004,9.64876657288932,29038.698860000004,86.87676
France,2005,8.50187080402661,30504.058783999997,92.30894
France,2006,9.04619142592186,32435.702917000002,97.27893
France,2007,9.43227066733218,34092.919573,101.0741
France,2008,9.25110721597067,35102.870427999995,102.7998
France,2009,10.5942921936619,34719.504985,109.3832
France,2010,10.453131447927301,35936.041871,112.8121
France,2011,9.94334367788653,37447.949543,113.4587
France,2012,9.997338431785108,37684.198067000005,108.2649
France,2013,8.5215837152381,39528.473644,110.3357
France,2014,8.855639753967509,40144.059485000005,111.1832
France,2015,8.328067580631599,40840.848298000004,115.4928
France,2016,8.182944599789751,42851.615696,115.8367
France,2017,8.12688450032761,44693.757759,120.1192
France,2018,8.37860228544106,46397.964403,119.1402
Germany,2000,9.33170231465679,27461.253514999997,118.4232
Germany,2001,9.99283877860086,28670.656532,114.7619
Germany,2002,10.0837980422417,29504.28924,116.0388
Germany,2003,10.5514208147389,30236.403891,114.5731
Germany,2004,10.6240325349695,31712.917408999998,112.8574
Germany,2005,10.5626812040034,32236.740986,110.7233
Germany,2006,10.6364854826729,34624.968883999994,108.1574
Germany,2007,10.695403371275699,36820.153243,105.1233
Germany,2008,10.911750227265001,38432.448211,101.8345
Germany,2009,10.3744257134917,37501.127561,102.595
Germany,2010,10.3067972157926,39703.558088,100.595
Germany,2011,10.020736030819,42541.513126,98.38264000000001
Germany,2012,9.6518936129149,43359.541048,97.21162
Germany,2013,9.28901313956851,44993.667838,96.55417
Germany,2014,9.83621301474942,47011.280402,95.58514
Germany,2015,10.061897173341801,47622.331224,95.06364
Germany,2016,10.1537648843155,50574.374725,94.81087
Germany,2017,10.422559002539,53254.666043,95.20700000000001
Germany,2018,10.9535209843456,54652.832717,95.4088
Greece,2000,-1.4266699838856203,19523.526196000003,30.774040000000003
Greece,2001,-1.79995890967667,20963.724019,37.762440000000005
Greece,2002,-2.0110305712017302,22615.957435,44.12453
Greece,2003,0.9305440364876608,23870.449224,48.09981
Greece,2004,1.1547774656595,25437.33352,55.766290000000005
Greece,2005,-2.86201766162185,25577.445437000002,67.88847
Greece,2006,-0.053997808854382996,28514.629395,74.68868
Greece,2007,-1.22884958209667,29289.735538999998,83.22095
Greece,2008,-3.8410999327359403,30855.935774,87.37040999999999
Greece,2009,-1.1252221893240502,30388.352093,88.13039
Greece,2010,-6.9005272273024,28169.377083999996,105.6753
Greece,2011,-8.86340538074608,26141.091034,112.0521
Greece,2012,-10.916444309564,25284.405781999998,120.2698
Greece,2013,-16.39343469492,26097.797516,123.243
Greece,2014,-13.807860512160802,26838.582268000002,116.8767
Greece,2015,-15.466146259515801,26902.327613,114.9612
Greece,2016,-16.996995722322303,27823.314892000002,111.4644
Greece,2017,-16.9124828695077,29088.947933999996,106.6455
Greece,2018,-15.0604128554869,30354.314639,105.6434
Hungary,2000,4.500051028302599,11857.619656,20.3439
Hungary,2001,5.28199729076913,13213.573812,23.65935
Hungary,2002,2.85921589093725,14526.388250999998,30.49515
Hungary,2003,1.49872183167079,15464.411313999999,39.10171
Hungary,2004,5.735238687774251,16228.993980000001,43.631640000000004
Hungary,2005,7.46008550515391,17073.551438,49.06572
Hungary,2006,8.01657902437727,18339.61801,55.348369999999996
Hungary,2007,3.7407275665867,19044.41873,63.835919999999994
Hungary,2008,3.28943156905877,20696.728568000002,77.12398
Hungary,2009,5.56875097862142,20693.725077000003,77.8321
Hungary,2010,5.9470945216995,21714.587924,82.08855
Hungary,2011,6.62322064969597,22999.830605000003,75.48238
Hungary,2012,4.96917488485138,23206.255116,64.85025
Hungary,2013,6.84764240745345,24498.658689,58.94546
Hungary,2014,7.4612220775311195,25642.556756,56.016999999999996
Hungary,2015,7.29216092591449,26784.655063,48.76175
Hungary,2016,7.0222313160329906,27908.845414999996,46.29287
Hungary,2017,6.64144130289979,29832.097283,43.48033
Hungary,2018,6.88844883553673,32085.979479,41.99694
Ireland,2000,-3.8848578628427006,30192.311632999998,
Ireland,2001,1.13571996209474,32566.894887000002,110.6587
Ireland,2002,-0.560703780969952,35212.94778,126.0535
Ireland,2003,0.21472836201737602,36234.038837,146.1108
Ireland,2004,0.9372156500789199,38697.384726,168.8611
Ireland,2005,1.53738076990646,40437.080879,199.3439
Ireland,2006,-0.688744619757881,44236.514427999995,222.8291
Ireland,2007,-0.9700070158231451,46743.136391,233.3936
Ireland,2008,4.77792381212827,44219.775877,228.5819
Ireland,2009,9.59444105922027,41618.626641,237.0647
Ireland,2010,7.679519528311549,43331.071567,230.1346
Ireland,2011,3.80603803624356,44870.463335,236.6211
Ireland,2012,6.54612645150463,46277.631708999994,219.7182
Ireland,2013,4.8150530223227594,47936.388703,213.7935
Ireland,2014,3.28416570304208,51125.923299,199.2106
Ireland,2015,3.87467294986736,69147.02905900001,180.1845
Ireland,2016,3.24922762417952,72017.75524299999,163.4157
Ireland,2017,5.96873004379642,78211.410456,152.5828
Ireland,2018,5.77890054415259,84575.43730399999,138.9758
Italy,2000,7.363487399685289,27082.569617,53.00388
Italy,2001,8.82880617429602,28042.915910000003,55.15215
Italy,2002,9.57197292383586,28716.197174,58.04042
Italy,2003,9.07515675495293,29114.554187,61.2718
Italy,2004,9.48794044654526,29446.504335,65.03957
Italy,2005,8.90419029792506,30016.1557,70.17576
Italy,2006,8.304853758881151,32256.668217000002,75.0947
Italy,2007,7.81495185544145,33903.208045,79.25967
Italy,2008,7.38184543280954,35274.312724,80.81123000000001
Italy,2009,6.75976696199761,34355.464457999995,85.69254000000001
Italy,2010,3.93452869168328,34857.266561000004,89.52708
Italy,2011,3.40731164852676,36183.316026,89.02158
Italy,2012,1.47348924580735,36002.908697000006,91.06381
Italy,2013,3.2931864198644303,36067.707344,89.69978
Italy,2014,3.69116202333907,36194.916674,88.82302
Italy,2015,2.8862567614663797,36909.296843000004,87.85457
Italy,2016,3.00369470793047,39922.933207999995,87.69315
Italy,2017,2.59856861041047,41784.603781,87.19188
Italy,2018,2.52934658630379,42908.651993,87.20979
Italy,2019,2.65711537601622,44217.701658,88.15148
Japan,2000,8.85163157559952,26841.230713999998,114.9146
Japan,2001,5.563508810463259,27476.220857,117.105
Japan,2002,4.90586540456714,28170.054375,115.2551
Japan,2003,4.39627173889521,28943.718166000002,114.8379
Japan,2004,3.76592714523481,30354.456682,113.6992
Japan,2005,3.66310267334195,31667.914360000002,111.4225
Japan,2006,2.7351665115197403,33094.337692,108.9206
Japan,2007,2.76125933186353,34507.170073,108.3139
Japan,2008,2.7469989320230495,34803.657814,109.3553
Japan,2009,4.21024633903987,33201.986952,107.0238
Japan,2010,3.92781598708915,34994.372225,106.8107
Japan,2011,4.21211983306251,35775.256332,102.8086
Japan,2012,2.9375391688610093,37213.837398,102.8726
Japan,2013,0.649770991139365,39008.36056,104.3684
Japan,2014,0.07625397835985401,39183.465681,104.8338
Japan,2015,1.41680582319229,40406.095333,104.4247
Japan,2016,3.27252630780078,39990.049446,105.2214
Japan,2017,2.62020199160063,40884.616367,107.9482
Japan,2018,4.28857440726586,41363.670243,107.0214
Luxembourg,2000,9.32416671781966,55276.441725,91.15759
Luxembourg,2001,10.785695539333402,55852.7417,91.00449
Luxembourg,2002,11.714896341518399,58709.015363,89.70683000000001
Luxembourg,2003,10.8946177258656,59956.326538,98.41306999999999
Luxembourg,2004,11.533530530673099,63993.597562,104.3148
Luxembourg,2005,10.6867852813002,68140.65238,114.1022
Luxembourg,2006,9.61901080087417,77890.775557,123.7492
Luxembourg,2007,11.2494626524955,83852.116754,142.8923
Luxembourg,2008,11.5553013290397,86591.985457,146.996
Luxembourg,2009,12.355898146306698,82268.597591,149.437
Luxembourg,2010,15.2982405481142,85578.884609,154.7546
Luxembourg,2011,13.054095389874899,91814.036613,162.1329
Luxembourg,2012,14.448369202384,91526.720705,165.5913
Luxembourg,2013,14.5799882056881,95246.113893,165.5674
Luxembourg,2014,15.187471120206,100933.604548,168.8813
Luxembourg,2015,15.0957866910349,103787.967646,175.9897
Luxembourg,2016,13.715104022486699,110249.797049,183.333
Luxembourg,2017,16.0958239878256,112701.65971600001,184.5839
Luxembourg,2018,16.0430782868648,116622.236253,190.1082
Mexico,2003,5.0995835075924,11302.737522,
Mexico,2004,5.846324180672069,11921.837001,
Mexico,2005,5.981573939969519,12539.95753,
Mexico,2006,7.749846637881101,13720.688225999998,
Mexico,2007,6.87721085483184,14233.029478999999,
Mexico,2008,7.040655966001401,14885.902438,
Mexico,2009,15.0682463664466,14532.386518000001,
Mexico,2010,14.5361786720013,15257.673556,
Mexico,2011,15.7487279339555,16546.641413999998,
Mexico,2012,14.647525739377198,17220.06914,
Mexico,2013,12.227947407030198,17461.798268000002,
Mexico,2014,14.1841155817295,18167.517949,
Mexico,2015,15.142525173559301,18438.044081,
Mexico,2016,13.8440378797171,19506.640994,
Mexico,2017,12.976785054675698,20022.661214,
Mexico,2018,10.8230735026957,20659.867277,
Netherlands,2000,4.00850647268308,31881.783199,202.8762
Netherlands,2001,5.015874022489191,33194.742252,197.7983
Netherlands,2002,5.13105765628725,34447.053372,208.2484
Netherlands,2003,4.653205218853969,34112.961207,226.1008
Netherlands,2004,4.27348863756938,35776.830563999996,235.9654
Netherlands,2005,2.4885671699167,37625.252435,252.7752
Netherlands,2006,1.79334844995319,40964.575029,254.7489
Netherlands,2007,1.7544700965951898,43892.697682,260.4739
Netherlands,2008,3.6290033207419197,46419.042594,268.9007
Netherlands,2009,7.4927347007539105,44600.864795999994,281.5238
Netherlands,2010,5.74132717291145,45075.085245,285.7456
Netherlands,2011,6.635148609839799,46599.227659,278.8643
Netherlands,2012,8.29622497693264,47271.968226,277.1844
Netherlands,2013,8.552130955932041,49242.786711,272.3065
Netherlands,2014,9.86351125950637,49233.230349,258.432
Netherlands,2015,9.5484347853923,50301.845624,255.8936
Netherlands,2016,10.2536142371553,52284.122623,250.8753
Netherlands,2017,8.78682895422632,55348.891835,248.9529
Netherlands,2018,9.116549856048868,57560.090716,241.24400000000003
Netherlands,2019,10.0066719602625,59512.487141,235.6637
New Zealand,2000,-2.3742325933253796,21476.293802,
New Zealand,2001,-1.19728303550516,22390.710304,
New Zealand,2002,-6.20011188582188,23180.064981,
New Zealand,2003,-3.7995871929117997,23863.518647999997,
New Zealand,2004,-3.3805141077488,24996.542524,
New Zealand,2005,-5.3384186005137195,25590.127446000002,
New Zealand,2006,-3.42705057853957,27679.017676,
New Zealand,2007,0.206432895360839,29307.787301999997,118.7263
New Zealand,2008,-1.64930555555556,29784.428108999997,128.8271
New Zealand,2009,1.5835722404112,30595.040494999997,123.8363
New Zealand,2010,2.19142583516422,31175.229299000002,121.0386
New Zealand,2011,2.58788173152814,32680.389989,116.1815
New Zealand,2012,1.01983088307398,32924.631878,116.9588
New Zealand,2013,0.635515629375902,36100.252089999994,117.6401
New Zealand,2014,-0.6396262357996021,37133.665006999996,121.4804
New Zealand,2015,-0.239988800522642,37403.074775,121.0987
New Zealand,2016,0.015444206260463002,39906.374216000004,119.2733
New Zealand,2017,0.065928423902263,41556.325496,121.7319
New Zealand,2018,-0.31994935077415304,42621.539204,
Norway,2000,4.30386636243746,36950.055214,135.2832
Norway,2001,3.09090829908588,37778.384525,148.205
Norway,2002,8.20873540001525,37981.68638,147.8273
Norway,2003,8.801466541746331,38550.330395,151.3896
Norway,2004,6.932615532798519,42510.535271,161.004
Norway,2005,9.689828115109322,47800.540634,166.6689
Norway,2006,-0.4247917135780229,54091.407666,198.4706
Norway,2007,0.939591444854844,55874.241829,207.1812
Norway,2008,3.75815705001837,61719.343656,207.3286
Norway,2009,5.22172757481221,55414.359067,206.447
Norway,2010,4.019560584310209,57961.36036599999,211.8532
Norway,2011,5.87246483039183,62077.845797,216.2688
Norway,2012,7.12328334524152,65349.216157,220.3345
Norway,2013,7.41511614737677,66956.285962,222.2172
Norway,2014,8.20688746157107,65895.667611,224.9116
Norway,2015,10.3378319305022,60368.910038,220.9512
Norway,2016,7.25151490477179,58917.288329999996,230.872
Norway,2017,6.7246942240525405,62940.203039,236.8563
Norway,2018,6.51500283889413,67639.112065,239.2673
Poland,2000,10.9560965557294,10656.185652,11.78214
Poland,2001,12.282889245137401,11101.220313,17.70842
Poland,2002,8.868407716934989,11780.566974,22.29421
Poland,2003,7.82068518695691,12260.405627,19.72203
Poland,2004,2.72931368344445,13341.934768000001,21.60185
Poland,2005,2.1655634550952,13897.472915,25.08524
Poland,2006,2.03169088587404,15143.176341,31.25392
Poland,2007,2.05095192439392,16788.670156,39.40102
Poland,2008,0.296018370957825,18315.045643,51.49519
Poland,2009,2.82077616774222,19095.054572999998,52.745219999999996
Poland,2010,2.3924704643432997,20804.753607,57.22645
Poland,2011,-1.07789722926885,22576.179383000002,60.479769999999995
Poland,2012,-1.09636206673982,23542.002955,58.42224
Poland,2013,-0.057772422240103,24422.763907,60.07999
Poland,2014,-0.351500851298716,25297.950445,61.73004
Poland,2015,-0.4322992282417671,26529.036797,63.790369999999996
Poland,2016,1.4670761141359,27947.390312,63.57063
Poland,2017,0.309083284927185,29801.809392000003,61.57058000000001
Poland,2018,-0.955625283091146,31471.211131,63.067209999999996
Portugal,2000,6.083531634736169,18883.735622,106.6021
Portugal,2001,6.38331816187255,19533.295919,114.3024
Portugal,2002,6.219463479637259,20356.721555,119.0201
Portugal,2003,5.611221721393259,20828.357333,125.0183
Portugal,2004,4.07102849512569,21458.280049,131.7297
Portugal,2005,2.7642037109483497,22725.351606,138.2117
Portugal,2006,0.835053617769783,24652.920159999998,146.3706
Portugal,2007,-0.39922291804216,25706.283965000002,150.6167
Portugal,2008,-0.8694906903871541,26665.771577,149.6765
Portugal,2009,4.067742592518741,26484.479314,150.3206
Portugal,2010,1.57231144372316,27280.174705,149.3176
Portugal,2011,0.6074123199132739,26769.42769,157.0456
Portugal,2012,2.06846263787415,26438.140472,155.217
Portugal,2013,1.6452991253266698,27936.006299,150.2744
Portugal,2014,-1.41759032276979,28742.313125,147.6679
Portugal,2015,-1.19186938909014,29668.804155,140.8354
Portugal,2016,-1.3055446461662599,31604.417531,134.0091
Portugal,2017,-2.2414217023287497,33086.07203,130.7384
Portugal,2018,-2.2051190020400004,34488.579276,125.4426
Portugal,2019,-2.02660343554193,36579.19887,122.2426
Spain,2000,6.59963291038225,21599.520334,84.66525
Spain,2001,6.44997140451133,23006.503862999998,87.19019
Spain,2002,6.08309650750405,24376.328709999998,94.61031
Spain,2003,7.07961593678393,25013.675923,102.7121
Spain,2004,5.07049732138624,26158.153212,114.5074
Spain,2005,4.265150990041819,27600.937175,126.9269
Spain,2006,2.36010600861404,30708.61697,142.1469
Spain,2007,0.7721012584466079,32429.203993,149.1548
Spain,2008,3.07682484082243,33242.245427,146.4012
Spain,2009,6.945862657217799,32120.080314,145.9195
Spain,2010,5.064689320625019,31713.696894999997,145.9475
Spain,2011,5.90750549806244,31872.363088,140.2461
Spain,2012,2.22401715488304,31724.631513,141.8113
Spain,2013,3.98179677103312,32452.659676,134.1725
Spain,2014,2.2761418988104904,33544.352014,128.3346
Spain,2015,3.1700230622557997,34938.581463999995,118.9835
Spain,2016,2.97293333014033,37309.865924,114.3275
Spain,2017,1.3054423748544801,39626.471502,110.6663
Spain,2018,1.66625273440843,40611.378989,106.8852
Sweden,2000,0.34026313566370503,29629.406145999998,109.7531
Sweden,2001,4.7803541332384905,29940.270188,120.6948
Sweden,2002,5.1252474154526695,30926.361001999998,122.9658
Sweden,2003,4.62141859601598,31780.217352,129.078
Sweden,2004,3.2889346453574597,33828.031758,138.8422
Sweden,2005,2.8333708438149,34244.359285000006,147.8475
Sweden,2006,4.98193258861491,37684.673883999996,153.9934
Sweden,2007,7.60777573873359,40862.611933,157.4587
Sweden,2008,9.360110058740739,42158.465614,157.9275
Sweden,2009,8.728026018732981,40318.292638,164.0185
Sweden,2010,9.692208706185891,42252.266076,169.31599999999997
Sweden,2011,10.6163134481661,44608.643898,168.38099999999997
Sweden,2012,13.069606192500698,45432.306926,166.3069
Sweden,2013,13.302558341910999,46312.293685000004,168.6589
Sweden,2014,13.714739439431801,47184.719402999996,172.1901
Sweden,2015,11.868275832014401,49116.236551999995,177.6424
Sweden,2016,13.2990600175578,50425.08065,183.046
Sweden,2017,12.161718125266098,52739.003235000004,188.05
Sweden,2018,13.3150173220279,53746.798974,189.1954
Sweden,2019,15.0690955148709,55855.530924,187.9964
United Kingdom,2000,4.97339454327299,26416.355037,107.4315
United Kingdom,2001,4.9692412592813,27760.215823000002,114.9903
United Kingdom,2002,5.048238427369269,29070.805163999998,126.0851
United Kingdom,2003,3.6827765474949596,30267.427383,137.8336
United Kingdom,2004,3.68489728548168,31984.97095,147.5268
United Kingdom,2005,3.5037964542278797,32661.847992000003,152.1431
United Kingdom,2006,3.43133997388898,34772.478459,162.3041
United Kingdom,2007,4.95597784182788,35599.400670999996,165.8046
United Kingdom,2008,3.7892247835630397,36650.101264,164.7201
United Kingdom,2009,6.81829403834813,35038.59208,159.0804
United Kingdom,2010,7.2807793550897895,36371.618272,155.8708
United Kingdom,2011,4.8981592904577305,37146.173273,155.0538
United Kingdom,2012,4.34720907412183,38309.028313,149.5784
United Kingdom,2013,3.45543685192286,39984.885036,145.3755
United Kingdom,2014,4.095814603935669,41269.351632,144.7749
United Kingdom,2015,4.72826870405074,42522.183841000005,141.4561
United Kingdom,2016,1.7387548618118402,44138.043207999996,145.1202
United Kingdom,2017,-0.33298693752584,45987.961004000004,145.5385
United Kingdom,2018,0.36617516432758895,46973.254997000004,142.1571
United States,2000,5.03182012719838,36304.602016000004,104.0255
United States,2001,5.25151127840679,37099.910597,107.6555
United States,2002,6.0603243458405105,37979.607925,112.7325
United States,2003,5.7538693911770995,39426.087136,120.8321
United States,2004,5.345121261311981,41647.843907,127.5731
United States,2005,3.2806533680427004,44043.734142,135.536
United States,2006,3.99770171052199,46230.846201,140.5767
United States,2007,3.8784478480682796,47902.060352,143.6116
United States,2008,5.17932301637567,48311.223701999996,136.8505
United States,2009,6.34236647745621,47028.160396,135.8485
United States,2010,6.78029191856323,48395.803473,128.6973
United States,2011,7.39578927660217,49810.699509,121.4283
United States,2012,9.14273850027293,51540.968322,114.7027
United States,2013,6.6126859314405,53045.945117,116.4817
United States,2014,7.5878762829039,54993.169489,111.5192
United States,2015,7.86594345226045,56812.535433000005,108.3298
United States,2016,6.99491901711465,57977.387517999996,108.3845
United States,2017,7.187550476738889,60056.482591,107.2964
United States,2018,7.95836328868044,62949.281692,104.3897
Chile,2003,15.7047073618006,10793.770949,36.573859999999996
Chile,2004,11.7743359853717,11757.511889,42.8156
Chile,2005,12.1014146278229,12667.853587,45.34698
Chile,2006,12.2154169115761,15685.218973,48.98272
Chile,2007,9.343173806708831,16872.268785,56.7695
Chile,2008,9.88497691578036,16447.33384,57.894369999999995
Chile,2009,11.860367199949401,16119.89398,58.60494
Chile,2010,7.8533699245364295,18129.087986000002,59.09672
Chile,2011,9.30475390219902,20302.78871,58.31593
Chile,2012,10.582823077274199,21446.537619,58.09121999999999
Chile,2013,10.665255264735698,22352.530725999997,59.8362
Chile,2014,10.5899481772854,22687.933017,62.8066
Chile,2015,9.589622866152471,22593.272962,65.92574
Chile,2016,10.6934361193999,22624.825752,66.7355
Chile,2017,9.80927415193422,23597.457218,70.21909000000001
Chile,2018,9.6137207600003,24710.818531999998,72.96001
Estonia,2000,0.017896557895365,9408.179591,20.173029999999997
Estonia,2001,-2.20747598533701,10292.284396,24.23659
Estonia,2002,-10.461734693877599,11635.368438,33.01303
Estonia,2003,-9.701407681986671,13080.28669,41.94959
Estonia,2004,-11.233666015022099,14481.498228999999,52.42507
Estonia,2005,-9.200220236932312,16574.460822,68.93932
Estonia,2006,-8.12108497813497,19254.394629,89.46101
Estonia,2007,-7.195082254550919,22131.996156,102.87200000000001
Estonia,2008,2.8912854677176405,22807.728472,98.01507
Estonia,2009,7.415115949703809,20595.260959,104.7168
Estonia,2010,3.61992077530581,21779.592368,104.0358
Estonia,2011,4.57521522428636,24735.346663,93.10143000000001
Estonia,2012,0.71724646802231,26141.083529,89.17227
Estonia,2013,2.5372404641463904,27596.458608999998,83.06567
Estonia,2014,4.1359533659270395,29107.89112,81.38665
Estonia,2015,5.676438576775709,29444.318327999998,80.22324
Estonia,2016,5.75331195325487,31571.257533999997,80.78811999999999
Estonia,2017,6.40682476324646,33983.453381,80.68993
Estonia,2018,7.39276480236064,36299.86464,78.53987
Russian Federation,2011,3.7430269364799797,22798.673917,22.84296
Russian Federation,2012,3.54421435765347,24303.491049,26.635040000000004
Russian Federation,2013,3.9759224186312,26073.873547,30.453440000000004
Russian Federation,2014,4.14866424124492,25761.661509999998,30.6166
Russian Federation,2015,9.206052135947118,24085.312853,29.68735
Russian Federation,2016,9.51221496549684,24125.394343,28.84127
Russian Federation,2017,8.71264478694349,26005.967564,30.246270000000003
Russian Federation,2018,7.348028409113951,28763.522294,33.78273
Slovenia,2000,6.85664354682776,18003.711413999998,34.07442
Slovenia,2001,8.16574820634394,18957.335773,33.8493
Slovenia,2002,8.901947743601811,20236.432071,34.063759999999995
Slovenia,2003,6.237491261360231,21083.556748,36.01576
Slovenia,2004,6.77230791607213,22737.360848,36.8505
Slovenia,2005,9.27180754382978,23848.602419,40.84766
Slovenia,2006,10.559318480239401,25676.869394999998,45.41596
Slovenia,2007,8.85341200169744,27531.352845999998,53.005869999999994
Slovenia,2008,8.51717385501728,29594.665838999998,54.52403
Slovenia,2009,5.99124543620496,27537.360097000004,57.147240000000004
Slovenia,2010,4.3758551164643995,27842.257435000003,60.08191
Slovenia,2011,2.9579845479041404,28931.423641,58.82555
Slovenia,2012,0.023793853126685,29048.325999,60.68124
Slovenia,2013,2.41893499482018,29979.618841000003,58.99211
Slovenia,2014,2.41724796185144,30872.728880000002,58.191390000000006
Slovenia,2015,2.7887193061369904,31640.32549,57.25617
Slovenia,2016,3.3727778068884504,33939.339351999995,56.72981
Slovenia,2017,4.8103002453383,36679.686236,56.72166
Slovenia,2018,5.69540626556244,38876.86303,56.68334
South Africa,2000,1.94814576451505,7865.304698000001,
South Africa,2001,1.4184269635983,8123.724947,
South Africa,2002,1.5712037336377298,8352.399734,
South Africa,2003,1.05502393523928,8656.655166,
South Africa,2004,0.920046116186326,9183.875946,
South Africa,2005,0.494941372024891,9847.957943000001,
South Africa,2006,-1.7428467182005802,10580.512387,
South Africa,2007,-2.26747482138619,11300.497093,
South Africa,2008,-1.07652781213833,11732.029766,
South Africa,2009,-0.52767515743353,11483.44306,
South Africa,2010,-0.8338311291052609,11806.055909,
South Africa,2011,-1.27315936526715,12227.241684999999,
South Africa,2012,-1.98956403615799,12194.847704,
South Africa,2013,-2.30507645343983,12597.620884,
South Africa,2014,-2.03683304030104,12668.737647,
South Africa,2015,-0.830271768499236,12695.428681,
South Africa,2016,-0.9063782949398052,12720.080751000001,
South Africa,2017,0.20250936267024397,12810.965544,
South Africa,2018,-0.10413729892916199,,
South Africa,2019,-0.251802022878503,,
Canada,2000,5.36652742782042,29363.642463,113.7776
Canada,2001,4.986054542234809,30214.480582999997,114.1395
Canada,2002,3.1452535553821304,30963.222007,118.2778
Canada,2003,2.13904528835688,32333.575435000002,123.8027
Canada,2004,2.7101525483461297,33911.261377999996,129.7153
Canada,2005,1.61827816496362,36327.662058999995,138.673
Canada,2006,2.7352958537893395,38106.959546,143.1893
Canada,2007,2.26973699891787,39554.852119,151.5226
Canada,2008,3.4289223419119303,40376.330167,156.5409
Canada,2009,4.69159156021622,38893.179137,163.9766
Canada,2010,4.440903444263321,40113.526984,165.8246
Canada,2011,4.35459983458676,41666.718851,168.6607
Canada,2012,4.9378736515918895,42290.879082,169.0748
Canada,2013,4.94790792716805,44298.514462,169.1587
Canada,2014,3.69130364904715,45753.782936,171.2671
Canada,2015,4.2266262491729805,44671.409504,173.2265
Canada,2016,1.6816479529786297,46480.501319999996,181.5645
Canada,2017,1.9659663824253002,48633.836154000004,181.4351
Canada,2018,1.49429741999779,50077.786708,181.7593
Canada,2019,2.51503313541757,51341.714241,181.2119
China,2000,28.2456073083828,2909.488332,
China,2001,28.0082877446113,3198.965455,
China,2002,27.2146189824983,3523.468013,
China,2003,30.2187064079566,3925.4171439999996,
China,2004,30.5700125622451,4412.707372,
China,2005,31.508428734224896,5038.914363,
China,2006,34.3451520456516,5820.916274,
China,2007,35.796430102439295,6792.740245,
China,2008,37.316817918198,7554.933679000001,
China,2009,37.8367418867531,8287.653048,
China,2010,38.9861284227165,9231.640601000001,
China,2011,38.1006940152768,10275.255685,
China,2012,38.110595958903104,11170.022279,
China,2013,38.461278513919794,11894.693960999999,
China,2014,37.986747916121004,12515.60877,
China,2015,37.065376900555,12946.311085,
China,2016,36.1434354731471,13533.786406000001,
Latvia,2000,-9.78835130528025,8032.560756999999,12.23725
Latvia,2001,-9.99056470818673,9034.459976,13.68765
Latvia,2002,-9.37375178952151,10067.769762,18.46404
Latvia,2003,-7.3201967789118205,11027.138894,24.105
Latvia,2004,-7.927743357495741,12239.433991,34.78461
Latvia,2005,-6.891618703932769,13878.025394999999,53.958969999999994
Latvia,2006,-12.046147996894,15799.473782,71.57597
Latvia,2007,-11.324062677583498,18182.904131,81.40046
Latvia,2008,2.8243868709765696,19516.073283,73.38006999999999
Latvia,2009,5.970237291039879,16977.250514,81.58310999999999
Latvia,2010,-2.35742554947956,17657.120672999998,83.09759
Latvia,2011,-16.1973239552403,19887.829808000002,78.59336
Latvia,2012,-15.6529957470524,21414.630166,67.33416
Latvia,2013,-16.518615010601803,22811.030736,59.96991
Latvia,2014,-13.6822852840429,23798.136115999998,54.56536
Latvia,2015,-8.858344840019198,24970.783932,49.42825
Latvia,2016,-5.01169826385738,26710.178634,45.983340000000005
Latvia,2017,-5.10342851597946,28679.774835000004,44.30675
Latvia,2018,-2.5873858211899905,30750.583394999998,41.87944
Costa Rica,2012,0.928948497921985,14205.10763,
Costa Rica,2013,1.60581298931198,14749.918912000001,
Costa Rica,2014,0.7399211185183071,15703.942377000001,
Costa Rica,2015,1.7223990365086999,16648.68596,
Costa Rica,2016,4.61257731128365,18050.485400999998,
Lithuania,2004,3.70680304430712,13018.638152,14.902429999999999
Lithuania,2005,-0.189790576698248,14510.685528999998,27.92742
Lithuania,2006,1.09207791410263,16464.064903,39.54473
Lithuania,2007,-8.78277877534951,19074.832125,54.903819999999996
Lithuania,2008,-4.73920023608058,20721.100085,55.81561
Lithuania,2009,1.14417147701821,18134.195701,55.17188
Lithuania,2010,4.7957902874875895,20110.235155000002,53.38401999999999
Lithuania,2011,0.9876290570285401,22884.929333,48.5101
Lithuania,2012,-0.6867428404336551,24703.728832,47.718720000000005
Lithuania,2013,-1.3377078413734,26721.579806,45.31392
Lithuania,2014,-3.5498878676660497,28184.349133,46.60007
Lithuania,2015,-3.4290711876309703,28842.242745999996,49.06156
Lithuania,2016,-0.8223726085493029,30922.107210000002,46.43592
Lithuania,2017,-3.56776386097856,33826.751532999995,48.53835
Lithuania,2018,-5.06777301118466,36011.317619,46.16422
Czech Republic,2000,,16213.990192,21.662879999999998
Czech Republic,2001,,17615.512624000003,22.12086
Czech Republic,2002,,18245.669005,26.897370000000002
Czech Republic,2003,,19502.090571,29.096729999999997
Czech Republic,2004,,20892.976457,33.93189
Czech Republic,2005,,22045.998880000003,39.08971
Czech Republic,2006,,23830.282546000002,43.461529999999996
Czech Republic,2007,,26194.379725,53.1948
Czech Republic,2008,,27853.549898,59.538430000000005
Czech Republic,2009,,27662.268933999996,61.837180000000004
Czech Republic,2010,,27786.968593999998,63.59326
Czech Republic,2011,,28999.754757,66.5231
Czech Republic,2012,,29258.904852999996,67.46433
Czech Republic,2013,,30828.526409,70.85363000000001
Czech Republic,2014,,32504.217576,69.60333
Czech Republic,2015,,33918.407402,70.63539
Czech Republic,2016,,36097.639052,72.70351
Czech Republic,2017,,38991.629902999994,76.57607
Czech Republic,2018,,41049.345804000004,75.81116
Czech Republic,2019,,43301.123753,76.26929
"Korea, Rep.",2008,,29945.899216,138.4568
"Korea, Rep.",2009,,29644.334955000002,143.0346
"Korea, Rep.",2010,,31740.531287,147.5311
"Korea, Rep.",2011,,32546.517725,152.9024
"Korea, Rep.",2012,,33557.030447000005,153.9483
"Korea, Rep.",2013,,34244.239492,154.88
"Korea, Rep.",2014,,35324.260296,158.0058
"Korea, Rep.",2015,,37907.460937,162.2843
"Korea, Rep.",2016,,39566.864428,174.5221
"Korea, Rep.",2017,,41000.995844,181.8061
"Korea, Rep.",2018,,42240.271393,185.1298
"Korea, Rep.",2019,,43039.059795,190.6353
Switzerland,2000,,35425.957564,173.3469
Switzerland,2001,,36482.489691,170.2871
Switzerland,2002,,37431.453345999995,177.08900000000003
Switzerland,2003,,37433.164993,186.4734
Switzerland,2004,,38886.693557,188.9306
Switzerland,2005,,40298.485989,192.0993
Switzerland,2006,,44796.853219,191.7772
Switzerland,2007,,49410.831105000005,187.179
Switzerland,2008,,52281.033368000004,185.5231
Switzerland,2009,,51572.778985000004,189.0601
Switzerland,2010,,53019.812318000004,194.8931
Switzerland,2011,,56183.81787100001,199.0119
Switzerland,2012,,57849.601723,202.1139
Switzerland,2013,,60108.54053099999,206.3262
Switzerland,2014,,61902.161739999996,210.8794
Switzerland,2015,,63938.958241,214.8933
Switzerland,2016,,65720.161893,217.7693
Switzerland,2017,,67139.04087000001,222.4132
Switzerland,2018,,69357.504185,223.0261
Brazil,2009,,13331.386494,34.68357
Brazil,2010,,14359.933544999998,48.56451
Brazil,2011,,15109.737403000001,50.80827
Brazil,2012,,15123.801479,52.33956
Brazil,2013,,15671.032119999998,53.06993000000001
Brazil,2014,,15799.570563,55.23121999999999
Brazil,2015,,14815.917618000001,54.814980000000006
Brazil,2016,,14320.429688,53.12086
Brazil,2017,,14592.101979,52.04511
Lithuania,2000,,8449.106697,3.166489
Lithuania,2001,,9440.076441,3.647975
Lithuania,2002,,10480.687377,5.748313
Lithuania,2003,,12054.516884,15.758379999999999
Colombia,2015,,13464.697977000002,43.98483
Colombia,2016,,14196.118441,46.05379
Colombia,2017,,14625.512565,46.401
Colombia,2018,,15355.003300999999,47.16065
Australia,2019,,55961.85571900001,
Austria,2019,,58942.642414,
Belgium,2019,,54897.744953999994,
Denmark,2019,,60194.514127999995,
France,2019,,49144.871038,
Germany,2019,,56305.204165999996,
Greece,2019,,31412.876601999997,
Hungary,2019,,34502.977003,
Iceland,2000,,29718.096683,
Iceland,2001,,31760.756029000004,
Iceland,2002,,32515.31575,
Iceland,2003,,32644.783202999995,
Iceland,2004,,35544.215175,
Iceland,2005,,37338.140559,
Iceland,2006,,39020.819624,
Iceland,2007,,41179.17306,
Iceland,2008,,43049.003029,
Iceland,2009,,41844.995325,
Iceland,2010,,39611.702362,
Iceland,2011,,40769.024788999996,
Iceland,2012,,41928.433451,
Iceland,2013,,44152.642793,
Iceland,2014,,45712.837675999996,
Iceland,2015,,48856.560901,
Iceland,2016,,53031.605300999996,
Iceland,2017,,55562.426662,
Iceland,2018,,57745.588159000006,
Iceland,2019,,60180.127409,
Ireland,2019,,88496.484165,
Japan,2019,,43278.53872,
"Korea, Rep.",2000,,18551.304913,
"Korea, Rep.",2001,,19693.511425,
"Korea, Rep.",2002,,21396.719189,
"Korea, Rep.",2003,,22074.166386,
"Korea, Rep.",2004,,23785.049288,
"Korea, Rep.",2005,,25186.638103,
"Korea, Rep.",2006,,26878.154139,
"Korea, Rep.",2007,,29059.549613,
Luxembourg,2019,,120979.70443599999,
Mexico,2000,,10870.409495,
Mexico,2001,,10931.094798,
Mexico,2002,,10999.980338,
Mexico,2019,,20703.388781999998,
New Zealand,2019,,43774.488674,
Norway,2019,,66830.56915,
Poland,2019,,33844.149463,
Spain,2019,,42170.627375,
Switzerland,2019,,70985.543852,
Turkey,2000,,9478.320915999999,
Turkey,2001,,9145.48492,
Turkey,2002,,9279.072677,
Turkey,2003,,9586.969782,
Turkey,2004,,10874.389502,
Turkey,2005,,11910.606724,
Turkey,2006,,13625.195437,
Turkey,2007,,14847.631489,
Turkey,2008,,16038.231644999998,
Turkey,2009,,15457.477428,
Turkey,2010,,17358.318124,
Turkey,2011,,19590.858369,
Turkey,2012,,20627.440728999998,
Turkey,2013,,22373.136543,
Turkey,2014,,24104.984583,
Turkey,2015,,25862.850037,
Turkey,2016,,26693.212825,
Turkey,2017,,28417.615824,
Turkey,2018,,28713.841872000005,
Turkey,2019,,28424.254339,
United Kingdom,2019,,48745.115691,
United States,2019,,65143.415517999994,
Chile,2000,,9519.174318000001,
Chile,2001,,9937.064691,
Chile,2002,,10292.918113,
Chile,2019,,25040.966625999998,
China,2017,,14306.396116,
Colombia,2000,,6776.995456000001,
Colombia,2001,,6952.4799840000005,
Colombia,2002,,7148.363251999999,
Colombia,2003,,7472.836058,
Colombia,2004,,7984.604777,
Colombia,2005,,8516.800331999999,
Colombia,2006,,9252.884574,
Colombia,2007,,10022.066047,
Colombia,2008,,10428.767733,
Colombia,2009,,10504.110929,
Colombia,2010,,10975.395951,
Colombia,2011,,11844.77408,
Colombia,2012,,12236.964884,
Colombia,2013,,12928.300648999999,
Colombia,2014,,13500.485991999998,
Colombia,2019,,16100.626884000001,
Estonia,2019,,38967.753586,
India,2004,,2738.7556670000004,
India,2005,,2998.992118,
India,2006,,3267.10439,
India,2007,,3591.547682,
India,2008,,3732.9486899999997,
India,2009,,3987.8494590000005,
India,2010,,4295.763887,
India,2011,,4605.230111,
India,2012,,4982.347358,
India,2013,,5177.96116,
India,2014,,5351.348837,
India,2015,,5577.1866549999995,
India,2016,,5901.594939,
Indonesia,2000,,5352.28964,
Indonesia,2001,,5584.096234000001,
Indonesia,2002,,5838.901329,
Indonesia,2003,,6138.338789,
Indonesia,2004,,6521.591489,
Indonesia,2005,,7001.130255,
Indonesia,2006,,7495.84456,
Indonesia,2007,,8063.035317,
Indonesia,2008,,8583.717617,
Indonesia,2009,,8735.401828,
Indonesia,2010,,8623.978571,
Indonesia,2011,,9213.212405,
Indonesia,2012,,9833.746719,
Indonesia,2013,,10188.482455,
Indonesia,2014,,10397.605086,
Indonesia,2015,,10364.08574,
Indonesia,2016,,10610.811126999999,
Indonesia,2017,,11050.882373,
Israel,2000,,24938.499203,
Israel,2001,,24910.322722,
Israel,2002,,25204.72917,
Israel,2003,,23800.700833000003,
Israel,2004,,25152.825678,
Israel,2005,,24743.425441,
Israel,2006,,25559.981055,
Israel,2007,,27330.734266000003,
Israel,2008,,27304.814799,
Israel,2009,,27502.038606000002,
Israel,2010,,28835.243395999998,
Israel,2011,,30497.568631000002,
Israel,2012,,31706.1862,
Israel,2013,,34167.038321,
Israel,2014,,34282.236043,
Israel,2015,,35486.09363,
Israel,2016,,37815.960223,
Israel,2017,,38918.047773,
Israel,2018,,40255.120085,
Israel,2019,,42160.117805,
Russian Federation,2000,,7323.44018,
Russian Federation,2001,,7898.522928,
Russian Federation,2002,,8623.997298999999,
Russian Federation,2003,,9940.232555,
Russian Federation,2004,,10984.496611,
Russian Federation,2005,,12698.299229,
Russian Federation,2006,,16017.124233,
Russian Federation,2007,,17881.758587,
Russian Federation,2008,,21657.589062,
Russian Federation,2009,,20826.597968000002,
Russian Federation,2010,,22008.299275,
Russian Federation,2019,,29174.626157,
Slovenia,2019,,40962.497482,
Latvia,2019,,32184.288656,
Brazil,2000,,9114.213859,
Brazil,2001,,9312.659939,
Brazil,2002,,9623.717789,
Brazil,2003,,9793.070465,
Brazil,2004,,10510.544053,
Brazil,2005,,11056.437737999999,
Brazil,2006,,11711.263786,
Brazil,2007,,12622.435746,
Brazil,2008,,13383.860084,
Lithuania,2019,,38401.301718,
Saudi Arabia,2000,,39689.649429000005,
Saudi Arabia,2001,,39054.820331,
Saudi Arabia,2002,,37493.382348,
Saudi Arabia,2003,,41258.540037,
Saudi Arabia,2004,,44417.079733,
Saudi Arabia,2005,,46984.617513,
Saudi Arabia,2006,,48394.517571,
Saudi Arabia,2007,,49261.058976,
Saudi Arabia,2008,,51942.257474,
Saudi Arabia,2009,,49874.775175,
Saudi Arabia,2010,,51521.925868,
Saudi Arabia,2011,,56191.935501,
Saudi Arabia,2012,,57094.598572,
Saudi Arabia,2013,,55641.147324,
Saudi Arabia,2014,,55908.355110000004,
Saudi Arabia,2015,,48425.265093,
Saudi Arabia,2016,,45245.005781,
Argentina,2004,,12299.728792,
Argentina,2005,,13674.572694999999,
Argentina,2006,,15074.069861000002,
Argentina,2007,,16708.232833000002,
Argentina,2008,,17550.391451,
Argentina,2009,,16476.698479,
Argentina,2010,,18061.934358000002,
Argentina,2011,,19322.227130000003,
Argentina,2012,,19695.137648,
Argentina,2013,,20135.675979,
Argentina,2014,,19633.038728,
Argentina,2015,,20019.887621,
Argentina,2016,,20153.008006,
Argentina,2017,,23562.918838999998,
Argentina,2018,,23299.982766999998,
Argentina,2019,,22964.277907,
Costa Rica,2000,,8024.333955,
Costa Rica,2001,,8307.932422,
Costa Rica,2002,,8564.659765999999,
Costa Rica,2003,,8964.693467000001,
Costa Rica,2004,,9452.9098,
Costa Rica,2005,,9964.7361,
Costa Rica,2006,,10837.743089,
Costa Rica,2007,,11872.396127,
Costa Rica,2008,,12487.315881999999,
Costa Rica,2009,,12272.635812,
Costa Rica,2010,,12811.084906,
Costa Rica,2011,,13514.302482,
Costa Rica,2017,,19132.316344,
Costa Rica,2018,,19867.231340000002,
Costa Rica,2019,,20403.377287,
Bulgaria,2000,,6424.353791,
Bulgaria,2001,,7046.291138,
Bulgaria,2002,,7754.977351,
Bulgaria,2003,,8356.01911,
Bulgaria,2004,,9117.162513,
Bulgaria,2005,,10183.837264,
Bulgaria,2006,,11249.366254999999,
Bulgaria,2007,,12606.956513,
Bulgaria,2008,,14089.68769,
Bulgaria,2009,,13925.023858,
Bulgaria,2010,,14598.585503999999,
Bulgaria,2011,,15661.19215,
Bulgaria,2012,,16241.60731,
Bulgaria,2013,,16581.780416,
Bulgaria,2014,,17555.515868000002,
Bulgaria,2015,,18342.039891999997,
Bulgaria,2016,,20009.53859,
Bulgaria,2017,,21447.18693,
Bulgaria,2018,,22670.47239,
Bulgaria,2019,,24505.885706,
Croatia,2000,,11025.030170999999,
Croatia,2001,,11597.786648000001,
Croatia,2002,,12638.028881999999,
Croatia,2003,,13543.664572,
Croatia,2004,,14522.029206000001,
Croatia,2005,,15298.458618,
Croatia,2006,,17420.904608,
Croatia,2007,,19342.349394999997,
Croatia,2008,,20770.709028,
Croatia,2009,,20008.609741999997,
Croatia,2010,,19771.922779,
Croatia,2011,,20732.36786,
Croatia,2012,,21129.037618000002,
Croatia,2013,,21775.43136,
Croatia,2014,,22074.175369999997,
Croatia,2015,,22989.60823,
Croatia,2016,,24883.267327,
Croatia,2017,,26666.143784,
Croatia,2018,,28103.63248,
Cyprus,2000,,21297.198508,
Cyprus,2001,,22873.185314,
Cyprus,2002,,23556.815859000002,
Cyprus,2003,,24253.355527,
Cyprus,2004,,25921.186061,
Cyprus,2005,,27763.201298000004,
Cyprus,2006,,29979.286307,
Cyprus,2007,,32847.673294,
Cyprus,2008,,34830.271205000005,
Cyprus,2009,,33917.501493,
Cyprus,2010,,33445.923214,
Cyprus,2011,,33313.52822,
Cyprus,2012,,31834.683747000003,
Cyprus,2013,,30375.203657,
Cyprus,2014,,30042.799586,
Cyprus,2015,,31722.271936,
Cyprus,2016,,35609.078929,
Cyprus,2017,,37915.706245999994,
Cyprus,2018,,39859.071392000005,
Cyprus,2019,,41318.448297,
Malta,2000,,18295.474648,
Malta,2001,,18416.304794,
Malta,2002,,19586.36313,
Malta,2003,,20782.553208,
Malta,2004,,21341.995442,
Malta,2005,,22265.783107,
Malta,2006,,23223.536122999998,
Malta,2007,,24890.672528,
Malta,2008,,26193.272611,
Malta,2009,,26161.148984,
Malta,2010,,27832.380572000002,
Malta,2011,,28616.839579000003,
Malta,2012,,29446.690563,
Malta,2013,,31097.845007999997,
Malta,2014,,33436.577076,
Malta,2015,,36166.944501,
Malta,2016,,39029.406686,
Malta,2017,,41812.336948000004,
Malta,2018,,43763.343282,
Malta,2019,,46019.850307,
Peru,2007,,7984.661964,
Peru,2008,,8782.617151999999,
Peru,2009,,8846.744897,
Peru,2010,,9586.999943,
Peru,2011,,10289.261223,
Peru,2012,,10545.510648000001,
Peru,2013,,11039.698214,
Peru,2014,,11254.065501000001,
Romania,2000,,5852.284226,
Romania,2001,,6441.028335,
Romania,2002,,7180.357054000001,
Romania,2003,,7551.744692,
Romania,2004,,8982.116975,
Romania,2005,,9602.153429,
Romania,2006,,11542.773754,
Romania,2007,,13685.945169999999,
Romania,2008,,16782.190326,
Romania,2009,,16647.880044,
Romania,2010,,16979.128780000003,
Romania,2011,,17907.535365,
Romania,2012,,18929.56484,
Romania,2013,,19792.394161,
Romania,2014,,20615.550964,
Romania,2015,,21624.4159,
Romania,2016,,24311.047878999998,
Romania,2017,,27292.631737,
Romania,2018,,29303.833955000002,
Romania,2019,,32200.763219999997,
Zambia,2006,,2326.776923,
Zambia,2007,,2519.070713,
Zambia,2008,,2692.184321,
Zambia,2009,,2880.698122,
Zambia,2010,,3122.942832,
Zambia,2011,,3267.6902649999997,
Zambia,2012,,3374.678078,
Zambia,2013,,3530.244811,
Zambia,2014,,3489.396586,
Zambia,2015,,3383.75171,
Zambia,2016,,3359.0296719999997,
Zambia,2017,,3414.412499,
"Hong Kong SAR, China",2000,,28253.203695999997,
"Hong Kong SAR, China",2001,,28822.922895999996,
"Hong Kong SAR, China",2002,,29631.47775,
"Hong Kong SAR, China",2003,,31164.291862000002,
"Hong Kong SAR, China",2004,,34515.854862,
"Hong Kong SAR, China",2005,,38057.86525,
"Hong Kong SAR, China",2006,,41697.718813,
"Hong Kong SAR, China",2007,,45197.00174,
"Hong Kong SAR, China",2008,,46772.557397000004,
"Hong Kong SAR, China",2009,,45871.298403,
"Hong Kong SAR, China",2010,,49186.621974,
"Hong Kong SAR, China",2011,,52274.50957,
"Hong Kong SAR, China",2012,,52235.720172,
"Hong Kong SAR, China",2013,,53691.971048,
"Hong Kong SAR, China",2014,,54778.382505999994,
"Hong Kong SAR, China",2015,,56409.642787,
"Hong Kong SAR, China",2016,,57229.735265999996,
"Hong Kong SAR, China",2017,,59882.803146000006,
Madagascar,2007,,1595.573835,
Madagascar,2008,,1717.587804,
Madagascar,2009,,1630.218477,
Madagascar,2010,,1589.911871,
Madagascar,2011,,1573.939901,
Madagascar,2012,,1560.461709,
Madagascar,2013,,1543.7723039999998,
Madagascar,2014,,1553.429692,
Madagascar,2015,,1549.577139,
Madagascar,2016,,1571.961332,
Morocco,2007,,5657.274524,
Morocco,2008,,6042.899269,
Morocco,2009,,6279.693123,
Morocco,2010,,6525.49337,
Morocco,2011,,6938.287762999999,
Morocco,2012,,6923.247392,
Morocco,2013,,7143.701966,
Morocco,2014,,6900.513126000001,
Morocco,2015,,7249.966831999999,
Morocco,2016,,7312.810289,
Morocco,2017,,7581.2154120000005,
Morocco,2018,,7928.326114,
Singapore,2000,,43863.193428,
Singapore,2001,,43167.223162,
Singapore,2002,,45151.97367,
Singapore,2003,,48789.206118,
Singapore,2004,,54335.937914,
Singapore,2005,,58755.70266,
Singapore,2006,,63960.872088,
Singapore,2007,,68671.212114,
Singapore,2008,,67630.457453,
Singapore,2009,,66190.396875,
Singapore,2010,,75343.949298,
Singapore,2011,,80047.57357000001,
Singapore,2012,,82072.279162,
Singapore,2013,,83005.689686,
Singapore,2014,,84408.216516,
Singapore,2015,,86972.563073,
Singapore,2016,,89396.724443,
Singapore,2017,,94945.250892,
Singapore,2018,,101280.413499,
